1024B_1W_16B_1024B_1W_16B,258841.899366627,6500.18,7739.656668,260877.637223912,4839.842,9915.78444,240819.090873877,3580.88,12243.757844,251905.794557412,3086.042,12458.605244,272824.278903707,2825.636,12612.446044,292842.174063697,2624.504,12297.131972,324903.384197667,2553.908,12032.775012,
1024B_1W_16B_1024B_1W_32B,270022.677564026,6723.866,7624.503144,272629.146784651,5006.696,10456.763524,240589.900759401,3553.484,12889.52004,250278.812965151,3046.88,13242.241996,267657.831171151,2759.168,13422.11368,286722.598490151,2558.48,13054.531008,317745.506379401,2487.884,12963.4169,
1024B_1W_16B_1024B_1W_64B,280377.473134683,6819.608,7819.950256,284304.444009383,5106.656,11721.35128,247528.009017208,3576.854,14420.56658,257057.157510783,3066.032,15030.080056,274347.525982958,2775.434,15551.326776,292083.882558883,2562.536,15087.047668,323152.333130733,2491.94,15144.714068,
1024B_1W_16B_2048B_1W_16B,271925.473372691,6146.108,7624.38234,260615.803004641,4479.776,8917.685008,244765.270204566,3409.958,11109.858376,248487.048105716,2890.034,10934.868876,268463.091392791,2658.932,10897.261368,285736.043485641,2464.016,11014.2644,313003.168299416,2380.322,10485.365472,
1024B_1W_16B_2048B_2W_16B,257206.67131449,5805.926,8066.869864,255666.22132724,4378.466,9646.286204,242771.123369965,3369.032,11397.671872,247830.127044315,2871.308,11577.78594,268716.414067565,2651.528,11672.894656,285915.437384515,2457.5,11337.299676,314867.60522919,2386.238,11086.92478,
1024B_1W_16B_2048B_1W_32B,265963.737460045,6087.068,7715.569348,263235.0532947,4547.054,9519.915648,243930.311401055,3411.08,12029.165112,245552.33133214,2865.182,11979.456812,263978.75544825,2622.314,12199.346472,282423.61251668,2439.83,12306.117304,309465.24122599,2356.802,11972.6184,
1024B_1W_16B_2048B_2W_32B,251993.171497199,5720.24,7711.893584,252291.357761374,4329.41,9714.241248,239125.129511124,3319.31,12219.720252,242322.623575904,2807.822,12223.568348,260421.063591079,2571.392,12320.157456,277770.826198539,2387.576,12166.409184,304088.613093494,2305.658,11979.74174,
1024B_1W_16B_2048B_1W_64B,267153.750607568,6054.686,7784.10898,266584.176668293,4555.076,10599.108456,247083.517573908,3414.662,13506.506124,249923.009833778,2880.53,14014.372508,264809.522640553,2604.14,14338.08926,284603.628622728,2434.31,14160.440696,311527.160470853,2351.06,14079.352952,
1024B_1W_16B_2048B_2W_64B,271315.633690668,5988.95,7805.590556,278058.512615513,4642.076,11111.95312,246526.135315978,3354.698,13651.18042,250551.716148243,2848.76,14008.323064,264808.927314038,2574.146,14347.372456,280422.007967548,2377.454,13902.599156,306596.982960393,2295.98,13951.611536,
1024B_1W_16B_4096B_1W_16B,291682.954514318,5528.642,7203.532336,257470.112399593,3884.732,9004.362264,249971.168589858,3115.946,10125.136128,254804.642553323,2693.48,9950.193764,277581.245525263,2527.424,10103.702024,291337.311415803,2334.728,9803.083752,315623.102854013,2249.924,9310.326264,
1024B_1W_16B_4096B_2W_16B,242921.511301845,4652.96,5900.509456,229853.674669055,3484.796,7775.086076,222577.98190702,2791.49,9187.27928,225431.63073423,2400.326,9172.09896,252640.62018719,2308.862,9499.94188,271883.530688815,2181.212,8781.434992,304945.76524884,2169.002,8437.795972,
1024B_1W_16B_4096B_4W_16B,230438.774677215,4379.156,5417.361552,209345.75482193,3173.03,7508.135072,213028.411243465,2658.656,8621.0114,217921.6890873,2308.562,8798.98336,239424.22957802,2183.354,8835.317168,269574.3202879,2148.722,8669.039032,303387.67153779,2144.726,8280.843384,
1024B_1W_16B_4096B_1W_32B,273320.79966208,5371.55,7010.681276,253486.95220914,3917.006,9228.616736,245157.461222915,3116.696,10622.571012,249241.544538265,2679.356,10604.338508,270414.75101847,2499.314,10971.271204,285665.17472945,2318.162,10899.837564,309981.57543154,2234.246,10385.030552,
1024B_1W_16B_4096B_2W_32B,237488.384923812,4673.654,5944.679188,229423.990906262,3543.674,8042.148396,224299.983682252,2851.478,9784.851824,227007.866514732,2443.886,9729.673304,250448.821286297,2314.46,10096.063892,269313.914864632,2181.926,10013.457536,301009.476731412,2160.614,9562.609852,
1024B_1W_16B_4096B_4W_32B,243242.912883789,4656.068,6220.40474,224465.180430794,3405.986,8363.209892,222385.139253409,2781.5,9416.713772,232570.723361514,2459.378,9959.376068,252058.482649019,2297.096,9987.758236,272292.482704009,2177.66,9850.05966,304785.930788859,2162.12,9513.935764,
1024B_1W_16B_4096B_1W_64B,267033.057392177,5274.38,7060.199412,252777.409278247,3908.192,9927.617524,246953.065610652,3133.19,11932.59126,251989.369910402,2700.29,12210.910468,269715.304441882,2488.058,12668.14156,286453.073698002,2318.45,12498.58798,310851.013600037,2234.756,12522.397416,
1024B_1W_16B_4096B_2W_64B,244272.116875222,4767.026,6325.075816,244214.431714182,3725.402,9015.134656,229491.127857677,2893.124,11456.309496,229200.005108392,2450.678,11420.208264,252833.575353792,2321.918,11917.332548,271210.599361127,2184.944,12118.8849,302989.083390352,2163.854,12265.649084,
1024B_1W_16B_4096B_4W_64B,266968.150493374,4941.41,7088.473136,258501.334002354,3783.458,9671.91916,242100.349047719,2943.632,11928.709776,250427.277351439,2583.104,12220.705076,264400.417065129,2361.548,12446.35896,280303.934090714,2204.594,12471.1345,311553.105250504,2178.398,12303.583092,
1024B_1W_32B_1024B_1W_16B,249268.49003249,6195.206,7444.000004,247834.262790865,4550.408,9511.167164,223473.388127865,3291.224,11767.177048,230015.46356699,2795.942,11972.555104,246382.09132399,2535.758,12053.43974,261838.608523365,2334.848,11752.051872,289277.534072615,2264.252,11545.417296,
1024B_1W_32B_1024B_1W_32B,260531.929097719,6420.224,7327.36954,259620.178106004,4717.262,10061.598156,223333.188168749,3263.828,12347.307192,228480.899232889,2756.78,12657.942172,241315.662786714,2469.29,12759.829308,257373.609797459,2281.256,12388.099496,282219.488516749,2198.228,12300.080288,
1024B_1W_32B_1024B_1W_64B,270766.117533551,6515.744,7509.997304,271160.449714906,4816.778,11263.692288,230184.893258556,3287.198,13759.335024,235173.902130161,2775.932,14286.27802,247920.887186941,2485.556,14675.10978,262685.163122976,2285.534,14199.220356,287545.333153601,2202.284,14226.607584,
1024B_1W_32B_2048B_1W_16B,261137.000450164,5841.578,7333.713308,245618.502334884,4178.354,8494.21642,226252.580461589,3120.968,10626.15088,225380.450618734,2599.934,10485.251972,239434.390969524,2357.066,10307.708072,253508.187400829,2174.36,10471.864848,276156.703976524,2090.666,9993.40614,
1024B_1W_32B_2048B_2W_16B,246424.875177953,5501.84,7712.31704,241407.794340823,4089.476,9184.166532,224164.598331168,3080.042,10863.994904,224623.058626013,2581.208,11049.149208,240972.461455393,2361.872,11074.271,253583.845081383,2167.844,10747.21544,277913.915274218,2096.582,10527.316216,
1024B_1W_32B_2048B_1W_32B,255408.053779368,5782.094,7414.06386,249245.986022018,4257.842,9091.553016,225607.153937968,3121.646,11457.449832,222700.836106743,2575.304,11385.384392,236574.838328318,2332.658,11518.836544,250428.815535868,2150.174,11583.911396,272851.649074218,2067.146,11273.13654,
1024B_1W_32B_2048B_2W_32B,241450.838812282,5417.042,7370.107728,238195.213597092,4040.198,9237.991796,220659.435757997,3029.876,11586.542724,219318.675693427,2517.944,11563.251964,232863.015880347,2281.736,11580.014904,245622.272492687,2097.92,11410.942992,267320.952661882,2016.002,11241.776424,
1024B_1W_32B_2048B_1W_64B,256540.926501496,5748.158,7463.86722,252601.936145331,4265.864,10091.810952,228750.495459176,3125.006,12801.91374,227097.808418806,2590.874,13217.204396,237419.798900781,2314.484,13391.766704,252648.091369001,2144.876,13209.378768,274924.272285481,2061.404,13126.857604,
1024B_1W_32B_2048B_2W_64B,260540.229236516,5685.974,7473.490328,263713.654203991,4352.864,10586.301096,227889.430154991,3065.264,12926.19682,227374.951984586,2558.882,13192.855164,237088.904356906,2284.49,13376.048564,248115.093050976,2087.798,12918.416084,269670.836696141,2006.324,12946.328796,
1024B_1W_32B_4096B_1W_16B,278449.295709796,5225.222,6940.217572,239934.321110181,3582.644,8669.31258,228994.607208641,2826.956,9678.566988,229197.038307061,2403.38,9474.48856,245902.410015291,2225.336,9500.646612,256593.480594671,2045.072,9283.243632,276260.975349601,1960.268,8822.719812,
1024B_1W_32B_4096B_2W_16B,229826.058629498,4349.318,5640.317632,212352.599242408,3182.93,7427.4483,200494.174449708,2490.29,8735.80806,199792.205690603,2110.004,8628.594756,222455.892095338,2019.206,8903.475248,237092.531928963,1891.556,8263.59934,265516.094121788,1879.346,7989.572544,
1024B_1W_32B_4096B_4W_16B,217880.494060238,4086.614,5219.423972,192538.084633243,2881.82,7185.754908,191738.702344968,2367.89,8139.495348,192141.916035278,2018.462,8251.9484,209194.851887548,1894.586,8250.94098,234602.918900448,1859.066,8135.9348,263775.292277618,1855.07,7830.73934,
1024B_1W_32B_4096B_1W_32B,260742.334833273,5068.796,6748.081712,237414.855318968,3627.35,8934.862696,224726.880431698,2827.706,10121.86522,224186.193616323,2389.256,10082.588548,240814.273508858,2209.658,10310.99708,251473.443493198,2028.506,10227.275504,271171.298268168,1944.59,9743.682212,
1024B_1W_32B_4096B_2W_32B,224910.7772351,4370.678,5680.499972,212389.163896375,3241.808,7675.264728,202681.0479531,2550.278,9283.840024,201843.88008239,2153.786,9202.089656,220725.768788605,2024.804,9431.110912,234985.96254006,1892.27,9330.379796,262045.406789,1870.958,8956.75956,
1024B_1W_32B_4096B_4W_32B,230292.186496142,4353.314,5971.065196,207162.031007572,3105.23,8002.592288,200517.606688407,2481.632,8897.84562,207051.625145297,2169.5,9381.045236,221966.473845247,2007.44,9391.986348,237591.897726717,1888.004,9141.350896,265447.608108767,1872.464,8930.870976,
1024B_1W_32B_4096B_1W_64B,254662.16392174,4972.07,6792.676748,236856.495691995,3618.536,9571.952152,226607.58011576,2843.534,11308.274228,227123.29131751,2410.634,11494.526488,240266.69565675,2198.402,11787.402212,252409.97101631,2028.794,11623.921092,272189.302680265,1945.1,11599.553476,
1024B_1W_32B_4096B_2W_64B,231700.34664072,4464.494,6048.757768,227151.50102414,3423.758,8516.893252,207827.578801675,2591.48,10765.803824,204063.871658775,2160.8,10708.94748,223114.83094226,2032.262,11027.459648,236888.201341915,1895.288,11156.408728,264030.50544234,1874.198,11294.149832,
1024B_1W_32B_4096B_4W_64B,253664.251668537,4639.1,6765.954048,240828.244970342,3483.146,9181.681884,219890.709834157,2643.764,11161.798524,224610.592542627,2293.448,11435.176916,234003.819124397,2071.892,11535.473972,245309.290528702,1914.938,11523.24724,271923.714911772,1888.742,11330.439908,
1024B_1W_64B_1024B_1W_16B,249920.080997345,6069.728,7598.60502,244355.55343567,4397.846,9830.92244,216996.02812347,3135.998,12281.701568,221370.853618145,2645.6,12735.53922,235280.67215197,2385.638,12791.8386,248275.947859845,2184.728,12421.992532,273289.552971695,2114.132,12267.557972,
1024B_1W_64B_1024B_1W_32B,260247.124083919,6271.88,7469.275132,255944.826368304,4560.038,10437.764528,216891.845290634,3108.602,12842.203644,219867.692271304,2606.438,13352.256096,230238.057392094,2319.17,13394.175748,243838.312180739,2131.136,12960.840972,266255.443581829,2048.108,12897.089284,
1024B_1W_64B_1024B_1W_64B,271213.896081761,6383.828,7614.064328,267755.932637071,4664.216,11634.754876,223707.204274041,3131.972,14200.8217,226545.302674841,2625.812,14906.423316,236806.384937221,2335.436,15205.525676,249109.664158956,2135.414,14654.195464,271541.025677081,2052.164,14693.90762,
1024B_1W_64B_2048B_1W_16B,261727.979044204,5727.866,7638.045776,241354.047702684,4025.57,8743.129076,219048.054909074,2965.742,11087.372884,216066.467343979,2450.036,11170.10914,227625.856481304,2206.946,11008.998868,239243.429353709,2024.24,11061.084432,259463.015028304,1940.546,10601.440304,
1024B_1W_64B_2048B_2W_16B,247304.516791163,5396.564,7852.0882,237077.867611288,3936.914,9380.37196,216892.219411053,2924.816,11292.115788,215249.283203258,2431.31,11672.500656,229110.540507073,2211.752,11730.969852,239262.579664863,2017.724,11311.034912,261167.145837398,1946.462,11104.226316,
1024B_1W_64B_2048B_1W_32B,255047.136891498,5647.514,7708.075992,244804.784194748,4100.174,9350.336996,218524.073170573,2966.42,11890.085604,213475.588813623,2425.184,11998.499424,224876.845015298,2182.538,12118.120124,236274.659858248,2000.054,12071.407284,256268.746078398,1917.026,11762.951456,
1024B_1W_64B_2048B_2W_32B,242377.524546097,5311.988,7525.60786,233937.772764777,3887.636,9429.556484,213478.942716287,2874.872,11949.583136,209990.328341107,2367.824,12117.766,221063.697142827,2131.616,12104.285044,231366.424224767,1947.8,11855.391392,250636.663047262,1865.882,11705.122124,
1024B_1W_64B_2048B_1W_64B,256991.639254801,5630.228,7736.60048,248471.301855726,4112.858,10323.69372,221673.213419921,2969.78,13164.063072,217881.565262986,2440.754,13705.28382,225721.508191461,2164.364,13823.03624,238497.187564481,1994.756,13576.509488,258344.498774161,1911.284,13503.193144,
1024B_1W_64B_2048B_2W_64B,261516.029565926,5581.586,7622.966908,259472.201983021,4200.524,10834.446476,220614.162053556,2910.038,13259.877648,217974.342908366,2408.762,13687.693956,225206.798475886,2134.37,13783.661312,233772.908370156,1937.678,13239.709268,252900.333057221,1856.204,13213.051184,
1024B_1W_64B_4096B_1W_16B,278376.457312831,5120.168,7352.586112,233777.981467986,3424.754,9162.62238,220824.700129406,2677.058,10206.447376,218460.669438556,2253.038,10052.985624,232734.802789371,2075.216,10129.12796,240970.322947151,1894.952,9813.164524,258208.580829481,1810.148,9346.559284,
1024B_1W_64B_4096B_2W_16B,229492.138282418,4244.486,6039.3145,206070.187194883,3025.484,7893.515556,192164.545701888,2340.17,9226.234432,188951.890456883,1959.884,9070.80162,209184.687742918,1869.086,9395.87646,221380.280204043,1741.436,8719.09856,247394.616060368,1729.226,8491.342192,
1024B_1W_64B_4096B_4W_16B,217339.362435533,3980.672,5610.240836,186052.855800433,2724.152,7688.90784,183297.467244633,2217.992,8594.160212,181178.143733258,1868.342,8667.217136,195791.072516128,1744.466,8684.055156,218783.487791028,1708.946,8568.458616,245548.899020798,1704.95,8318.869464,
1024B_1W_64B_4096B_1W_32B,260837.536728093,4963.964,7158.627536,231553.086099488,3469.238,9473.817344,216820.764596278,2677.586,10629.90116,213753.358388403,2239.136,10645.069712,227926.071442238,2059.538,10871.324184,236129.446227778,1878.386,10679.747004,253398.308907348,1794.47,10181.575224,
1024B_1W_64B_4096B_2W_32B,224750.40258962,4265.846,6073.115064,206374.78495735,3084.362,8121.250652,194608.04181348,2400.158,9784.626916,191255.72027297,2003.666,9707.218124,207696.194440885,1874.684,9895.297404,219513.99454524,1742.15,9700.18226,244161.70349138,1720.838,9374.349532,
1024B_1W_64B_4096B_4W_32B,229965.674719892,4248.038,6375.8193,200873.634315277,2947.34,8523.043096,192211.790469402,2331.29,9384.672396,196297.752792962,2019.602,9858.68846,208738.368238927,1857.32,9853.680224,221925.008936997,1737.884,9554.68568,247404.949315532,1722.566,9332.222452,
1024B_1W_64B_4096B_1W_64B,254809.51021123,4867.682,7203.428992,231073.471594215,3460.424,10072.793384,218782.89887654,2693.414,11758.635616,216773.42054329,2260.514,11973.88614,227452.46248173,2048.282,12207.704112,237143.12474609,1878.674,11973.075776,254493.525508945,1794.98,11893.249512,
1024B_1W_64B_4096B_2W_64B,231606.356752095,4360.328,6437.054952,221239.63723097,3266.978,8919.756512,199669.99005493,2440.25,11149.542328,193480.962910455,2010.68,11101.761956,210090.63004424,1882.142,11376.768116,221420.382910795,1745.168,11384.539384,246151.01290272,1724.078,11526.511932,
1024B_1W_64B_4096B_4W_64B,253378.622625012,4534.934,7125.507076,234857.555008517,3330.14,9488.629188,211032.906639682,2488.538,11479.924212,213718.701999507,2143.328,11838.003872,220644.996019877,1921.772,11893.668904,229501.342404082,1764.818,11746.008672,253702.685209752,1738.622,11630.5214,
2048B_1W_16B_1024B_1W_16B,262272.043063784,5935.634,8329.765264,262613.720123209,4497.296,10203.645504,240860.289158634,3351.998,11825.70054,247784.757635534,2874.254,11714.743724,262320.803295484,2597.642,11781.350412,277659.101085309,2395.4,11406.346012,305739.266036159,2324.804,11129.966268,
2048B_1W_16B_1024B_1W_32B,266488.657961143,5995.928,8128.653008,268418.841697383,4560.92,10625.411592,240955.910871563,3329.264,12419.57318,246023.921394508,2834.87,12471.562092,256952.312152353,2531.396,12454.62846,271314.498729203,2329.376,12064.408856,298356.361435333,2258.78,11939.961548,
2048B_1W_16B_1024B_1W_64B,276619.53925874,6082.79,8404.867372,278639.27782285,4634.018,11852.231184,247716.39130659,3349.97,13895.227168,252849.497660345,2854.244,14137.035284,263625.200976115,2547.44,14448.090252,276630.404564655,2333.432,13910.721852,303717.809953385,2262.836,13916.265036,
2048B_1W_16B_2048B_1W_16B,277942.453857373,5703.44,8237.872188,260053.001233548,4148.33,9160.344688,244606.410846908,3199.058,10761.578968,242510.805490423,2677.58,10278.160408,256256.238111273,2431.16,10136.964044,268845.692653013,2234.912,10155.818208,292074.373966108,2151.218,9633.043836,
2048B_1W_16B_2048B_2W_16B,261547.318294202,5362.814,8622.888332,257612.572799587,4090.532,9797.48202,241971.233788287,3153.692,10999.60514,241671.595240337,2658.632,10858.939016,256394.103323767,2423.756,10837.1605,268913.035053567,2228.396,10443.220924,293881.239156602,2157.134,10177.020532,
2048B_1W_16B_2048B_1W_32B,267544.914291462,5559.818,8179.552808,256900.147642337,4124.588,9606.362556,244567.679457562,3207.506,11643.735532,239678.233574637,2653.172,11236.992556,251789.362688012,2394.542,11306.692536,265606.242482812,2210.726,11314.387604,288612.346249962,2127.698,10962.058044,
2048B_1W_16B_2048B_2W_32B,256016.307229591,5273.576,8238.394884,253453.950922026,4031.042,9887.345852,238649.381125196,3108.854,11798.392348,236051.212711456,2595.59,11437.062464,247849.847656236,2343.398,11386.988048,260591.252828951,2158.472,11157.67198,282878.379045946,2076.554,10937.801492,
2048B_1W_16B_2048B_1W_64B,267992.639675305,5515.892,8287.192604,260235.99869073,4131.722,10643.97988,247686.03367148,3210.422,13056.783176,244122.825382735,2668.52,13120.658324,252521.54176917,2376.146,13239.053256,267769.26030902,2205.206,12987.633208,290656.294362145,2121.956,12856.781216,
2048B_1W_16B_2048B_2W_64B,271769.841030185,5459.924,8315.249308,270106.780935955,4197.632,11129.936468,246203.77598556,3145.574,13146.13264,244250.402399975,2635.64,13182.187184,252122.894512255,2346.152,13161.6369,263070.574518,2148.35,12716.273088,285216.834538565,2066.876,12702.584424,
2048B_1W_16B_4096B_1W_16B,295433.74457335,5154.794,7803.080412,252380.037718305,3565.94,8935.014436,248798.310723245,2927.468,9797.8153,245231.455216735,2473.256,9284.717596,262678.186493325,2298.764,9349.253172,271893.46404806,2105.846,8986.39862,292104.157975705,2020.82,8499.993588,
2048B_1W_16B_4096B_2W_16B,241986.750414017,4267.568,6269.430056,224163.217235482,3181.766,7643.404032,218208.536214102,2585.03,8704.374508,213886.574630237,2174.552,8419.623704,236708.523931612,2080.202,8662.20986,251663.763883467,1952.108,7986.923956,281000.813557292,1939.898,7674.16414,
2048B_1W_16B_4096B_4W_16B,229544.561427332,4017.074,5699.724608,204312.405844462,2897.75,7214.11586,206107.331364357,2433.104,8065.11228,205702.336416602,2081.678,8060.724992,222764.071068697,1954.472,7997.443148,249062.272407552,1919.618,7866.192856,279186.434326322,1915.622,7519.450236,
2048B_1W_16B_4096B_1W_32B,275147.663706417,4965.956,7468.195688,244102.002604742,3532.946,9078.34976,244902.923887297,2934.212,10260.417856,240022.686086397,2459.132,9879.676404,255876.299858702,2271.098,10121.456648,266549.948319502,2089.058,9965.905432,286826.932668072,2005.142,9455.824724,
2048B_1W_16B_4096B_2W_32B,237603.535591889,4293.812,6247.64332,224821.637026549,3245.084,7942.394556,220211.154173919,2641.688,9281.884236,216136.721378564,2219.222,8966.722296,234962.844733849,2086.244,9234.800572,249463.682991564,1952.822,9088.082144,277394.173005704,1931.51,8675.862568,
2048B_1W_16B_4096B_4W_32B,242468.744950091,4271.12,6496.906572,222175.194132901,3149.132,8232.30158,216282.946104936,2556.614,8840.289628,221403.492015731,2234.048,9189.064452,236088.947410951,2067.992,9098.764336,252127.874658021,1948.556,8940.728496,280881.545064071,1933.016,8633.644048,
2048B_1W_16B_4096B_1W_64B,268601.931918559,4868.12,7487.844248,243448.861905459,3522.8,9786.727284,246823.330480544,2950.262,11460.030236,242927.030781844,2479.622,11439.62982,255272.391471579,2260.064,11575.153108,267456.731361014,2089.346,11403.454956,287816.227762369,2005.652,11368.3308,
2048B_1W_16B_4096B_2W_64B,245257.263172644,4394.51,6639.657908,239862.483626909,3419.708,8953.327624,225464.483716954,2682.002,10838.9382,218461.122345204,2226.902,10636.691052,237413.266114289,2093.924,10861.852652,251378.656226419,1955.84,10913.844336,279393.041255844,1934.75,11092.582068,
2048B_1W_16B_4096B_4W_64B,265655.799525801,4534.484,7410.406028,258429.277106411,3536.816,9662.237684,235696.769223841,2710.532,11208.27408,240450.667668351,2365.544,11326.29196,248572.074330656,2133.11,11405.875036,260030.749991806,1975.49,11238.856408,287493.446536476,1949.294,11134.905384,
2048B_2W_16B_1024B_1W_16B,262454.211530721,5882.456,7799.477764,259315.859641571,4412.372,9452.911712,242159.612083321,3344.552,11664.729488,247437.421824771,2853.044,11743.161416,262903.467450371,2588.42,11774.771348,277701.905598721,2383.736,11425.373812,305569.411657371,2313.14,11153.106432,
2048B_2W_16B_1024B_1W_32B,268604.155969835,5980.712,7663.61428,266281.257848605,4492.868,9877.402588,240719.74396257,3303.17,12189.346248,245646.42159488,2813.438,12447.202416,257513.4213835,2522.174,12480.463744,271336.514647335,2317.712,12077.78674,298165.718461265,2247.116,11960.10576,
2048B_2W_16B_1024B_1W_64B,279342.373915512,6079.118,7896.327712,279819.157743497,4615.916,11155.621492,247480.577888197,3323.876,13626.0536,252429.501169887,2832.368,14100.594376,264189.615398762,2538.218,14429.649716,276650.683510387,2321.768,13916.414456,303525.430006917,2251.172,13926.984096,
2048B_2W_16B_2048B_1W_16B,277794.836131685,5650.04,7726.024812,263015.272979545,4159.088,8639.937208,244374.2860911,3174.962,10513.11578,242112.839337485,2657.48,10266.682628,256342.464505945,2418.608,10124.907188,268808.80763241,2223.47,10155.947004,291790.14195554,2139.554,9652.328216,
2048B_2W_16B_2048B_2W_16B,261732.143573349,5318.072,8086.129132,258429.543326309,4071.32,9242.437588,242100.232747879,3134.036,10771.712464,241259.398043799,2638.532,10842.759168,256446.619142174,2410.982,10821.794108,268839.609800299,2216.732,10460.772004,293594.912287434,2145.47,10193.644904,
2048B_2W_16B_2048B_1W_32B,269203.368118474,5540.162,7709.818964,259752.303978024,4134.014,9004.051944,242526.964222874,3162.098,11299.320668,239241.822529249,2632.628,11215.402156,251872.048898424,2381.99,11285.631836,265539.739909724,2199.062,11322.563188,288328.653942274,2116.034,10977.22228,
2048B_2W_16B_2048B_2W_32B,255662.284790378,5219.066,7702.836172,254869.995515923,4020.488,9276.529308,237774.898900308,3077.654,11522.111676,235536.361309838,2574.602,11409.365784,248590.717532098,2336.618,11379.326516,260498.924136123,2146.808,11166.787768,282569.265158018,2064.89,10949.189096,
2048B_2W_16B_2048B_1W_64B,269802.931755287,5499.344,7755.342868,262005.260796427,4125.608,9990.335912,246086.201729547,3170.12,12749.46586,244325.970465767,2654.192,13094.700276,253304.678092477,2369.588,13224.569272,267701.112104892,2193.542,12987.388116,290370.875515517,2110.292,12861.601812,
2048B_2W_16B_2048B_2W_64B,271953.785605677,5414.516,7806.134812,268882.289132177,4149.116,10367.915276,244088.815783552,3100.166,12831.355876,243829.979132037,2615.54,13064.097324,252834.558891812,2339.15,13216.507896,262968.065496352,2136.686,12714.926108,284897.702137617,2055.212,12705.373132,
2048B_2W_16B_4096B_1W_16B,291475.468102007,5051.888,7175.27682,254536.915639867,3568.04,8625.485052,246113.972181792,2880.95,9533.004,244680.934840337,2454.044,9290.839456,262662.186627247,2286.656,9331.7883,271676.850689052,2094.182,8987.700328,291669.626710997,2009.156,8520.827584,
2048B_2W_16B_4096B_2W_16B,240970.169986779,4216.388,5779.62586,228022.423256384,3206.954,7322.776048,217894.329996379,2564.708,8593.926688,213841.809466464,2160.89,8446.887784,236580.714290549,2067.872,8699.954136,251419.426036744,1940.666,8003.201816,280533.155767284,1928.234,7695.461192,
2048B_2W_16B_4096B_4W_16B,227130.862204029,3946.136,5240.837336,207531.115767629,2916.056,7063.199784,206859.273878239,2424.548,8013.759428,205739.631418854,2069.126,8071.114596,222667.953377789,1942.808,8047.0896,248734.436912959,1907.732,7884.676488,278702.297392914,1903.958,7539.937528,
2048B_2W_16B_4096B_1W_32B,271287.733693804,4862.606,6857.761856,247310.512205274,3548.81,8694.814212,239898.761650784,2861.942,9972.385332,239527.664316784,2440.142,9898.152744,255817.314746754,2258.546,10099.176808,266349.261533894,2077.394,9978.732676,286408.732516264,1993.478,9471.454512,
2048B_2W_16B_4096B_2W_32B,236457.641617491,4239.08,5766.11806,229010.705607851,3274.712,7599.96244,220012.831843951,2622.032,9160.444816,216056.678445336,2204.894,8981.404324,234828.929512001,2073.692,9232.65896,249206.319768556,1941.158,9100.40082,276942.112444296,1919.846,8692.41498,
2048B_2W_16B_4096B_4W_32B,240596.164402383,4206.176,6039.653528,225115.091800268,3162.998,7924.847064,217066.943451433,2547.836,8789.992412,221384.627628558,2220.386,9167.170412,236073.747985928,2056.55,9121.436768,251822.031835528,1936.67,8956.258432,280414.979805963,1921.352,8646.401068,
2048B_2W_16B_4096B_1W_64B,264732.309543176,4764.326,6852.11392,246645.529218691,3538.664,9299.131484,242399.375107941,2883.764,11222.983516,243175.869372281,2467.292,11334.282304,255965.869539826,2253.506,11630.319104,267262.137834606,2077.682,11406.338516,287404.201777661,1993.988,11372.812696,
2048B_2W_16B_4096B_2W_64B,243308.042991961,4326.236,6157.736596,244166.584850166,3450.002,8532.311048,225260.381826401,2662.124,10695.9796,218335.266590806,2212.13,10504.562128,237282.427267641,2081.372,10865.044088,251122.650687911,1944.176,10977.348972,278942.419286836,1923.086,11089.717072,
2048B_2W_16B_4096B_4W_64B,262627.921450438,4451.114,6868.017656,260041.836958623,3532.256,9173.656672,236806.605801743,2704.64,11119.102544,240840.842252953,2355.212,11288.911856,248512.223778363,2121.224,11359.205736,259755.057700598,1963.826,11299.248264,287021.276933068,1937.63,11133.449856,
2048B_1W_32B_1024B_1W_16B,250287.020637692,5698.778,7642.099556,248462.332164052,4268.21,9580.473296,223553.892888252,3118.25,11372.660476,229090.052809652,2660.93,11447.715832,239795.157618517,2378.768,11428.473104,254164.761497337,2194.952,11146.858192,278184.779162327,2118.14,10920.388908,
2048B_1W_32B_1024B_1W_32B,254577.195926776,5760.182,7453.3869,254310.839897076,4332.278,10042.075324,223948.300801301,3098.18,11931.326292,226215.332375626,2609.114,12073.044884,234539.849417526,2312.522,12043.251084,249530.999106551,2141.36,11727.272556,270911.456981101,2052.116,11600.31374,
2048B_1W_32B_1024B_1W_64B,264564.342753908,5846.822,7716.4937,264382.239041533,4404.932,11212.989528,230628.908025708,3118.886,13333.615552,232963.544612483,2628.488,13617.54256,241139.872531708,2328.566,13895.610964,254820.596140608,2145.638,13425.588184,276212.770142033,2056.172,13396.396492,
2048B_1W_32B_2048B_1W_16B,265433.249180641,5472.8,7558.706332,244152.002788041,3904.592,8555.416588,226945.766479991,2971.748,10315.708548,222403.656421141,2458.04,9992.11872,230761.094282916,2194.082,9704.000792,244627.974445466,2034.686,9886.135672,263749.840153816,1944.554,9400.552512,
2048B_1W_32B_2048B_2W_16B,248754.016679315,5123.516,7910.591468,243187.85469229,3868.55,9194.595536,224205.981961815,2925.716,10516.77472,221499.236427215,2439.092,10513.861836,232258.420844365,2198.888,10413.215628,244597.693472115,2027.948,10138.925088,265476.76524779,1950.47,9896.863972,
2048B_1W_32B_2048B_1W_32B,255304.6765677,5328.734,7509.937988,242245.46879981,3895.946,8982.291372,226814.617294195,2977.088,11113.699464,219784.0204938,2433.854,10838.2217,227934.11458715,2169.674,10829.104608,241534.34141302,2010.278,10918.747236,260467.62527295,1921.034,10580.735664,
2048B_1W_32B_2048B_2W_32B,243948.094182664,5044.046,7563.90984,238724.016672594,3802.178,9233.476624,220782.576936674,2877.77,11222.387608,216096.956530684,2376.494,10986.870952,223903.799966574,2118.53,10859.2437,236443.618522259,1958.024,10734.168208,254653.443377974,1869.89,10526.69946,
2048B_1W_32B_2048B_1W_64B,255384.795614548,5277.038,7606.60602,246223.361293413,3912.404,10006.25854,230144.796102668,2982.446,12464.903328,222993.478457983,2436.992,12503.47276,228687.722678148,2151.278,12573.243252,243737.443176053,2004.98,12434.357876,262522.546046233,1915.292,12298.596064,
2048B_1W_32B_2048B_2W_64B,259523.920429718,5232.17,7636.985912,255755.174324968,3977.87,10470.165136,228198.747991683,2914.712,12537.886664,222921.243658313,2404.556,12549.858752,228259.002416893,2123.06,12492.338048,238819.291888608,1947.902,12135.105624,256884.444317933,1860.212,12099.875784,
2048B_1W_32B_4096B_1W_16B,281196.428926033,4922.156,7214.4407,234734.166557583,3321.536,8487.150016,229032.771423353,2696.828,9395.966856,223349.471952133,2253.716,8959.02406,235141.369845318,2061.242,8900.297948,246012.304960373,1905.62,8722.47902,262060.496266033,1814.156,8256.047544,
2048B_1W_32B_4096B_2W_16B,227939.231827325,4028.048,5715.160208,207334.73749087,2944.91,7255.309844,198617.619764025,2354.168,8355.863696,193004.896074245,1962.56,8075.424308,213234.43148989,1873.982,8297.904612,225491.769375045,1749.44,7712.691752,250955.96918396,1733.234,7451.650704,
2048B_1W_32B_4096B_4W_16B,216069.58479593,3785.99,5263.540628,188800.376645665,2676.656,6930.244176,188303.56744017,2221.334,7726.010628,185990.25691484,1880.786,7742.180824,199507.72173928,1750.25,7661.584532,222241.929592365,1713.176,7574.958284,249025.33338071,1708.958,7293.666776,
2048B_1W_32B_4096B_1W_32B,261537.771284895,4733.984,6896.88152,227893.89333992,3300.974,8620.547808,225568.025976925,2703.572,9821.360336,218566.666666875,2239.592,9525.594824,230357.791072835,2046.008,9651.06152,241060.330653775,1888.832,9596.164704,257186.11310166,1798.478,9101.873864,
2048B_1W_32B_4096B_2W_32B,224433.150439427,4062.728,5711.421924,208202.804934862,3006.674,7521.353104,199375.265763162,2393.954,8826.53954,194735.883511742,1999.682,8617.790996,210147.482366287,1866.704,8778.745108,223959.892682157,1752.596,8704.707192,247686.398821532,1724.846,8340.854268,
2048B_1W_32B_4096B_4W_32B,228727.464619724,4035.374,5996.449096,205514.867176249,2913.164,7856.789252,197120.590276899,2329.304,8445.244944,200344.768381859,2020.28,8818.392348,211705.983190354,1854.002,8731.378096,226337.388174489,1748.108,8528.307596,250905.873879479,1726.352,8317.969044,
2048B_1W_32B_4096B_1W_64B,255214.147737247,4636.592,6915.980816,228328.306101522,3303.482,9346.891908,227553.486790382,2719.178,10943.532916,220297.459869337,2248.316,10866.530444,229850.538377847,2034.752,10965.46326,242038.601975582,1888.898,10895.294024,258281.111096857,1798.988,10814.97766,
2048B_1W_32B_4096B_2W_64B,231986.249894232,4162.982,6080.23284,223351.828730972,3184.406,8386.100572,204251.492986852,2430.494,10215.585216,197083.346822127,2007.584,10145.774128,211902.563124002,1868.834,10229.721852,225845.607790207,1755.392,10341.914396,249687.303355272,1728.086,10494.653504,
2048B_1W_32B_4096B_4W_64B,251939.175381639,4306.064,6812.954,241391.154250184,3302.846,9098.846396,215300.496118054,2473.898,10579.655488,219102.506270304,2151.998,10813.44518,223078.222699649,1912.46,10783.776496,234020.960358694,1775.042,10689.277136,257300.648104224,1742.63,10536.765284,
2048B_2W_32B_1024B_1W_16B,252606.974926977,5661.056,7186.471116,246808.114378487,4191.86,8979.397456,226738.450664242,3124.262,11315.641876,230173.677666297,2647.184,11506.988584,241807.867332002,2376.566,11463.89202,255775.951839217,2190.752,11188.115776,279683.996148687,2113.94,10962.497788,
2048B_2W_32B_1024B_1W_32B,259717.583668646,5778.626,7071.345084,254428.997101501,4282.124,9433.362524,225600.727311951,3085.544,11820.726324,227251.048058846,2595.146,12084.856832,236514.657789211,2310.32,12110.625508,251112.206700111,2137.16,11764.97066,272373.462508421,2047.916,11642.5843,
2048B_2W_32B_1024B_1W_64B,270079.951531983,5871.704,7286.480816,267708.130575308,4403.174,10650.264132,232289.891133718,3106.25,13193.04316,233963.275895253,2614.076,13621.614548,243123.402866333,2326.364,13927.451888,256374.318171403,2141.216,13461.580516,277675.976341113,2051.972,13435.77734,
2048B_2W_32B_2048B_1W_16B,267156.496433081,5429.528,7172.45084,248641.703785546,3923.702,8171.651004,228389.294212941,2958.224,10160.439708,223445.112661136,2445.626,10011.501816,232289.526377371,2188.772,9731.630816,246067.992618696,2030.042,9916.298572,265129.718500616,1940.354,9437.456976,
2048B_2W_32B_2048B_2W_16B,250427.533596345,5083.352,7471.22918,245521.03595981,3857.246,8773.22832,226040.142804235,2917.076,10379.329744,222525.15088083,2426.678,10531.258936,233682.4627319,2192.69,10441.39692,246091.841654155,2023.748,10179.534552,266858.55282195,1946.27,9933.803508,
2048B_2W_32B_2048B_1W_32B,258799.27455139,5319.65,7155.578348,246653.676101835,3914.168,8514.118744,226434.40313384,2942.03,10886.34306,220753.6103464,2420.774,10850.673844,229426.44437772,2164.142,10852.460652,242993.410932455,2005.856,10953.16116,261837.10859455,1916.834,10618.612752,
2048B_2W_32B_2048B_2W_32B,245107.872979709,4994.78,7125.193932,241645.528242634,3799.754,8748.222084,221582.945529009,2857.364,11062.128116,216980.329745834,2362.97,10994.852068,226017.853055809,2118.548,10895.199612,237899.478167259,1953.824,10770.198632,255990.746377334,1865.69,10562.410868,
2048B_2W_32B_2048B_1W_64B,259346.049606488,5277.278,7174.747348,249594.890167438,3915.53,9494.24516,230223.247891413,2952.716,12266.29092,224572.621123538,2429.906,12515.530316,230846.857460488,2151.518,12609.10368,245193.570926988,2000.558,12466.690448,263888.822462513,1911.092,12332.784928,
2048B_2W_32B_2048B_2W_64B,261417.953493813,5194.892,7223.48666,256181.720833898,3938.594,9847.513288,227991.904284853,2882.54,12331.749784,223904.418681003,2391.92,12477.722836,230349.388862783,2122.856,12590.206244,240266.928569488,1943.702,12166.546464,258213.782521413,1856.012,12133.854792,
2048B_2W_32B_4096B_1W_16B,279203.658674273,4830.932,6730.910944,238282.608500068,3330.878,8286.257916,228385.093569873,2664.212,9223.020756,224285.886511373,2242.412,9002.46022,236602.147636903,2056.376,8921.81208,247304.611051338,1900.754,8751.306596,263327.545679753,1809.956,8293.499576,
2048B_2W_32B_4096B_2W_16B,228652.052020965,3988.328,5361.01898,212988.089781575,2983.556,7046.391756,199684.37603296,2341.754,8314.18022,194336.56813542,1956.362,8131.99012,214556.55207851,1868.894,8364.4774,226755.37596814,1745.018,7747.12394,252174.65697156,1729.034,7488.088688,
2048B_2W_32B_4096B_4W_16B,215567.03717388,3729.842,4918.71014,193330.23837089,2702.87,6857.576744,190072.55879377,2217.134,7721.012904,187394.5462389,1875.698,7778.342428,200811.37206551,1745.606,7730.109492,223481.55680542,1708.754,7610.161148,250227.15758535,1704.758,7329.507796,
2048B_2W_32B_4096B_1W_32B,259580.926516885,4642.316,6424.592792,232489.67768598,3324.302,8346.73898,222590.241412145,2645.204,9624.931432,219492.02307001,2228.066,9582.268632,231735.603635085,2040.476,9671.133948,242414.72359439,1884.41,9633.593052,258451.9843855,1794.278,9138.0986,
2048B_2W_32B_4096B_2W_32B,224983.592604897,4019.012,5364.60234,214174.828586507,3049.76,7287.810068,200443.437593527,2381.096,8787.466608,196026.021335442,1992.818,8661.62718,211389.803187932,1860.95,8811.815936,225263.866008277,1748.396,8738.36958,248906.926382652,1720.646,8375.728188,
2048B_2W_32B_4096B_4W_32B,228772.917251439,3984.776,5651.493044,209806.709883854,2934.938,7636.180812,198935.333895334,2324.882,8446.843588,201711.915636834,2014.082,8834.479164,213074.433326504,1849.358,8785.449988,227601.585334264,1743.686,8564.33026,252121.856599359,1722.152,8349.842548,
2048B_2W_32B_4096B_1W_64B,253234.313050352,4544.702,6417.19142,232913.572154062,3326.81,8972.782396,225148.740313452,2666.582,10803.542288,221908.499985332,2243.006,10813.971356,231971.304904792,2035.214,11054.934104,243426.515402622,1884.698,10928.62048,259549.435205297,1794.788,10847.363704,
2048B_2W_32B_4096B_2W_64B,231830.684044102,4106.834,5737.218024,229477.914204132,3228.158,8087.745492,205361.976679382,2417.858,10161.04596,198353.892057682,2000.498,10055.335112,213146.249618847,1863.08,10272.780612,227151.299698487,1751.192,10427.809132,250909.807666792,1723.886,10522.050232,
2048B_2W_32B_4096B_4W_64B,250546.738813369,4231.268,6382.903872,244920.261645204,3311.966,8717.556412,217450.447382309,2472.14,10544.03426,220888.011538669,2148.908,10809.932384,224419.254830949,1907.372,10784.07846,235328.410395974,1770.842,10773.082452,258521.941609984,1738.43,10564.082496,
2048B_1W_64B_1024B_1W_16B,253287.405980178,5692.046,7122.099972,248986.739196023,4224.404,9604.877524,221863.757848093,3055.352,11983.757992,222028.614267978,2552.966,12389.472528,233398.960821998,2291.894,12385.175064,244202.361164578,2091.206,11977.369236,267432.562298583,2020.388,11809.354736,
2048B_1W_64B_1024B_1W_32B,256602.939262412,5733.47,6941.000088,254701.663686157,4286.252,10032.988612,222079.059488487,3032.84,12485.58906,220389.959005832,2513.582,12978.111896,228170.115877267,2225.648,12950.128416,239599.400453952,2037.614,12479.976164,260188.749642077,1954.364,12392.702128,
2048B_1W_64B_1024B_1W_64B,267385.872802074,5836.538,7281.136944,265090.398141389,4364.012,11184.124868,228704.994213664,3053.102,13834.519204,227132.793307974,2533.178,14481.4332,234745.688552189,2241.692,14692.417284,244860.265616689,2041.892,14098.33068,265462.990146369,1958.42,14106.578784,
2048B_1W_64B_2048B_1W_16B,269217.985527767,5481.164,7313.549928,245112.733277512,3869.666,8594.890248,224605.002205152,2904.41,10847.330148,215596.667170727,2357.18,10839.109704,224720.665222117,2113.424,10630.196476,234215.967066327,1930.94,10625.334872,252574.701385172,1846.802,10163.527592,
2048B_1W_64B_2048B_2W_16B,252767.775416211,5135.876,7535.994668,243206.817758741,3820.304,9193.284116,221899.303279891,2859.044,11036.532992,214678.702015866,2338.454,11315.286936,226188.445115126,2118.23,11319.815432,234118.353225751,1923.98,10862.58134,254265.815059506,1852.718,10641.288456,
2048B_1W_64B_2048B_1W_32B,258117.075149671,5318.672,7300.987572,242700.056130966,3853.25,9036.041532,224751.963820676,2912.414,11602.919576,213034.215087421,2332.772,11632.59404,221957.459303331,2089.016,11684.922252,231204.143463821,1906.532,11584.599104,249369.585726946,1823.282,11262.399464,
2048B_1W_64B_2048B_2W_32B,247401.845635985,5045.972,7201.25792,239049.078236335,3757.928,9285.467496,218799.048215085,2814.428,11672.44868,209267.68327016,2275.19,11729.615628,217881.850692235,2037.872,11654.00434,226025.127777135,1854.056,11361.128972,243500.17036421,1772.138,11187.36188,
2048B_1W_64B_2048B_1W_64B,259355.820033014,5288.954,7427.955232,246373.941492889,3865.268,10010.082588,227839.612818264,2914.886,12881.727732,217498.750272764,2348.342,13275.431636,222714.176699389,2070.62,13306.659836,233410.668118014,1901.234,13016.8607,251427.755176889,1817.54,12915.086596,
2048B_1W_64B_2048B_2W_64B,263056.441731354,5235.65,7360.471288,255430.048884929,3924.74,10459.02396,225892.923432679,2848.04,12954.2381,217346.484896619,2316.128,13323.547084,221982.625373234,2040.626,13199.107828,228343.257562024,1843.934,12675.987848,245677.073176029,1762.46,12616.240364,
2048B_1W_64B_4096B_1W_16B,286647.653267969,4955.828,7094.838884,233511.246452749,3262.412,8875.745864,224851.145035734,2616.17,9995.637008,216517.462245254,2160.626,9697.078524,228534.661606564,1981.694,9751.365136,234626.986893684,1801.43,9393.845344,250028.122627889,1716.404,8925.628384,
2048B_1W_64B_4096B_2W_16B,233804.028081336,4067.714,5712.825708,207012.472211156,2897.33,7657.305176,192720.207385741,2255.528,8937.762808,185858.264379426,1866.806,8706.944036,204246.674960276,1775.786,8987.626812,214459.030585336,1647.914,8306.355788,238895.676164196,1635.482,8088.246736,
2048B_1W_64B_4096B_4W_16B,220817.091441831,3807.452,5273.136408,186203.563187891,2600.66,7479.424084,182261.183350486,2121.806,8288.143272,177646.966184091,1774.82,8285.62758,190318.269716021,1650.944,8272.247612,211684.905049621,1615.424,8150.80134,236901.843250986,1611.206,7915.929144,
2048B_1W_64B_4096B_1W_32B,266917.861626046,4767.434,6800.530244,226800.321503631,3242.072,9033.238236,221477.082630551,2622.248,10420.222036,211935.114534721,2146.724,10261.716108,223819.010899746,1965.794,10453.846712,229903.648439771,1784.864,10213.259448,245338.982875936,1700.726,9713.057184,
2048B_1W_64B_4096B_2W_32B,229610.840133048,4092.182,5713.440856,208416.184382243,2965.088,7960.02328,195410.259924328,2314.406,9460.258688,188491.668751458,1910.81,9326.195972,202899.641802398,1781.162,9465.76292,212744.866989793,1648.628,9235.922516,235782.703874688,1627.094,8921.645284,
2048B_1W_64B_4096B_4W_32B,233128.59533157,4051.73,6007.663056,203487.79592414,2843.606,8382.172548,191777.8215142,2236.214,9064.013872,193470.82757769,1926.746,9470.72918,203759.04519008,1763.798,9418.883008,214988.322259645,1644.14,9098.190272,238911.14075676,1628.822,8882.699068,
2048B_1W_64B_4096B_1W_64B,260633.268643538,4670.93,6833.145376,226422.671197663,3233.48,9671.969504,223422.196033008,2636.966,11492.120232,215055.080585663,2167.88,11629.025752,223353.293398198,1954.538,11659.569884,230935.294861038,1784.93,11443.223088,246484.150739033,1701.236,11334.023796,
2048B_1W_64B_4096B_2W_64B,237376.612789633,4195.988,6106.147016,223389.675503823,3140.6,8817.965288,200617.419756458,2354.498,10782.231316,190768.239308968,1918.046,10759.922728,205295.043525708,1788.398,10860.474868,214632.792024203,1651.424,10780.793392,237785.667024028,1630.334,10956.493104,
2048B_1W_64B_4096B_4W_64B,256376.067741715,4322.864,6813.915488,239564.623404135,3236.84,9358.639616,211976.723117195,2403.008,11135.930276,211242.215009575,2050.472,11407.499368,215775.294526845,1828.028,11419.675072,222568.21423679,1671.074,11129.454576,245173.54968322,1644.878,11061.499808,
2048B_2W_64B_1024B_1W_16B,255125.610892526,5570.918,7076.881708,248579.518093051,4124.588,9304.797472,228353.705878461,3075.416,11989.573948,226899.524379836,2559.266,12407.180356,240096.116530696,2315.954,12436.113104,248677.349147706,2097.062,12027.311692,271918.586848871,2026.244,11861.723784,
2048B_2W_64B_1024B_1W_32B,261284.628368665,5667.62,6962.906016,256474.566441015,4217.96,9744.12126,226971.490403345,3033.812,12476.41258,225213.04597177,2519.882,12996.254144,234783.051677685,2249.708,13010.732012,244010.07536204,2043.47,12529.874928,264595.923385165,1960.22,12449.227688,
2048B_2W_64B_1024B_1W_64B,272482.128476207,5776.904,7169.699292,270112.239789127,4343.672,10927.962624,233657.917809492,3054.518,13814.500468,231958.708826087,2539.256,14503.5508,241384.018024327,2265.752,14770.187504,249277.557338817,2047.748,14154.11434,269876.521101137,1964.276,14168.616216,
2048B_2W_64B_2048B_1W_16B,270084.800497915,5356.484,7249.750996,251192.22799332,3873.746,8496.398204,228851.55874748,2899.61,10745.680544,220220.642670295,2363.036,10852.605252,230629.327627485,2131.712,10652.32336,238469.379799085,1936.352,10675.978692,256883.4002191,1852.658,10211.752492,
2048B_2W_64B_2048B_2W_16B,253441.674651224,5015.858,7422.98422,246392.838068089,3784.424,9014.002024,226516.106159649,2859.128,10951.99806,219260.035834049,2344.088,11330.559824,232030.084867759,2135.852,11348.968212,238425.586968519,1929.836,10916.547108,258583.566164714,1858.574,10692.698848,
2048B_2W_64B_2048B_1W_32B,260671.863304644,5227.07,7242.764744,248664.118482704,3855.998,8823.487244,227162.233946719,2886.08,11473.266812,217557.202539234,2337.962,11647.516648,227797.111854134,2107.082,11718.188108,235424.786277499,1911.944,11633.286944,253646.206211754,1829.138,11317.317436,
2048B_2W_64B_2048B_2W_32B,247518.909604903,4916.408,7077.333108,243417.737542218,3739.586,9023.769948,222288.709544963,2802.08,11599.623152,213749.106107398,2280.602,11747.964288,224329.967995803,2061.488,11718.523888,230247.290071823,1859.912,11415.393912,247720.389108058,1777.994,11243.2948,
2048B_2W_64B_2048B_1W_64B,262069.824931687,5200.904,7219.300948,251297.893708767,3852.92,9736.756928,230730.074450552,2894.102,12796.8525,222627.818713687,2359.304,13321.532756,229212.290415582,2094.458,13392.309064,237684.410572742,1907.09,13072.303944,255697.477261897,1823.396,12975.190812,
2048B_2W_64B_2048B_2W_64B,263896.742081207,5116.52,7174.97146,257335.762304152,3869.102,10051.779176,228526.363740807,2825.48,12840.785332,221924.544546347,2321.984,13276.245644,228499.974610492,2064.686,13345.738948,232556.842432032,1849.79,12731.929292,249889.233699917,1768.316,12727.761652,
2048B_2W_64B_4096B_1W_16B,281450.885394112,4762.55,6939.23812,239428.072676862,3272.93,8870.645828,227700.962052062,2600.714,9888.108324,220938.437447737,2166.26,9745.225116,234422.112603987,1999.76,9774.257952,238776.640302962,1806.842,9443.187732,254235.935972737,1722.26,8975.406932,
2048B_2W_64B_4096B_2W_16B,232290.853163009,3949.472,5613.53654,214276.338747409,2930.048,7628.515372,198715.942377909,2277.368,8928.26232,189962.230384634,1872.662,8747.087756,208281.293103034,1781.198,9040.8625,218462.789968659,1653.548,8352.094384,243010.685670284,1641.338,8135.908124,
2048B_2W_64B_4096B_4W_16B,218707.791824969,3685.88,5215.561988,194266.598157019,2647.364,7478.0821,188414.575120644,2146.754,8310.525012,181846.939057619,1782.452,8321.041992,194296.017878494,1657.022,8316.3761,215654.357602944,1621.058,8199.401036,240992.296468994,1617.062,7963.840576,
2048B_2W_64B_4096B_1W_32B,261838.764512019,4573.712,6636.768868,233775.439980944,3266.798,8935.106424,221973.990797644,2581.262,10270.870144,216304.851031719,2152.136,10329.888896,229653.724015169,1983.86,10485.400512,234055.150599694,1790.498,10266.933024,249517.394841144,1706.582,9766.149236,
2048B_2W_64B_4096B_2W_32B,228053.296931486,3969.722,5601.819948,216071.347257961,3002.468,7857.648792,201356.278528836,2335.358,9476.170684,192637.726653386,1916.666,9371.757084,206931.891120436,1786.574,9515.740124,216772.033944561,1654.484,9285.762684,239878.539120536,1632.95,8973.562632,
2048B_2W_64B_4096B_4W_32B,231774.035008973,3935.708,5930.079092,211401.908677198,2885.426,8250.172816,197002.364857173,2250.284,9100.475656,198905.529847673,1943.924,9502.73022,207806.285897023,1769.432,9461.859012,218985.929187048,1649.774,9149.69274,243016.554444848,1634.678,8930.724736,
2048B_2W_64B_4096B_1W_64B,255486.593487091,4476.32,6619.06892,233323.735748841,3257.54,9469.51044,224535.891175241,2602.196,11409.924856,220124.930963041,2179.508,11604.433452,229887.785900991,1978.376,11799.3417,235115.317109366,1790.786,11499.568348,250660.152617641,1707.092,11392.513508,
2048B_2W_64B_4096B_2W_64B,234936.564210726,4057.322,5967.170376,231231.905629976,3177.758,8622.1511,206651.667507976,2375.894,10803.955444,194898.166897851,1923.68,10703.990284,209307.614515601,1793.588,10978.191948,218663.099147851,1657.28,10888.772176,241885.161643476,1636.19,11011.334176,
2048B_2W_64B_4096B_4W_64B,253178.902125663,4175.096,6606.53058,246372.731658863,3258.68,9115.227408,216874.836134263,2411.528,11143.603236,216014.464301313,2060.324,11438.006804,221472.441692963,1845.872,11462.789232,226634.979018238,1676.93,11233.955912,249303.531106188,1650.734,11116.765764,
4096B_1W_16B_1024B_1W_16B,286016.917427957,5403.92,10081.325968,271200.651230782,4046.39,10618.883376,247196.525936487,3067.148,11045.993096,253025.543790827,2661.332,10878.368628,265664.484810982,2416.91,10877.992948,278974.552101357,2233.76,10357.8446,302879.695061987,2156.948,10174.833192,
4096B_1W_16B_1024B_1W_32B,288619.162294531,5424.92,10001.53422,277015.492922391,4100.912,11335.513476,246529.186708856,3037.31,11618.643876,249630.025062076,2609.294,11529.955868,259790.200925436,2350.886,11486.539004,272093.557627811,2167.736,10951.187432,294962.143050601,2090.924,10902.1238,
4096B_1W_16B_1024B_1W_64B,299592.497085578,5515.778,10468.488696,289162.900261663,4192.88,12958.200872,253270.784281833,3056.684,13140.388544,256564.132592153,2628.668,13119.69936,266581.959576223,2367.152,13360.889472,277400.646273423,2171.792,12666.067116,300313.060938413,2094.98,12730.172936,
4096B_1W_16B_2048B_1W_16B,299215.378285786,5201.918,9943.29464,265520.525921391,3721.844,9177.438236,246382.950383156,2893.562,9860.76914,246121.866991006,2473.982,9434.683468,256578.717615216,2244.434,9285.7626,268038.684084581,2073.272,9162.924496,286949.692334656,1983.362,8736.165452,
4096B_1W_16B_2048B_2W_16B,279185.476203635,4854.188,9920.03228,262926.926643415,3670.484,9688.86204,244296.557703825,2859.296,10145.51288,245091.00779771,2455.478,10005.39868,256554.978401485,2236.808,9933.973276,267989.701965375,2066.756,9428.389764,288747.51041171,1989.278,9239.95968,
4096B_1W_16B_2048B_1W_32B,286561.388670195,5036.096,9717.812208,263030.566583975,3704.984,9922.409216,247097.101385755,2906.672,10750.339476,242424.749908815,2442.248,10337.278832,251935.052560895,2207.816,10358.25806,264712.39068022,2049.086,10222.728412,283411.54550283,1959.842,9952.348844,
4096B_1W_16B_2048B_2W_32B,272541.027446644,4755.182,9556.587848,258183.351538029,3607.22,10115.635052,240998.570859194,2817.122,10913.161912,238118.449934944,2384.222,10528.6368,247436.315633319,2156.672,10403.32228,259142.985026519,1996.832,10070.085548,277129.328553214,1908.698,9911.343744,
4096B_1W_16B_2048B_1W_64B,287757.943697323,5010.152,9758.999132,266790.010191468,3716.558,11360.23172,250208.720954963,2909.144,12252.086068,244757.778756973,2437.172,12038.150232,252539.050722498,2189.642,12132.803328,266831.843678828,2043.566,11770.336564,285410.167785733,1954.1,11691.788444,
4096B_1W_16B_2048B_2W_64B,289957.794836648,4946.414,9882.763928,276897.165893773,3784.244,11882.673884,248078.296932048,2847.182,12309.843616,244448.871056798,2405.402,12101.840952,251884.510544023,2161.424,12056.977028,261443.160620448,1986.71,11499.433308,279289.090804073,1899.02,11521.93834,
4096B_1W_16B_4096B_1W_16B,315064.620953368,4759.166,9273.083192,246440.614843743,3110.816,8313.361468,246689.701787993,2633.516,8821.811996,245248.169123398,2269.658,8484.923232,260218.955211453,2112.26,8470.434356,268524.940259468,1944.206,8113.109368,284351.452978813,1852.964,7659.678644,
4096B_1W_16B_4096B_2W_16B,254141.43267572,3878.378,6951.615848,227759.232086815,2874.716,7424.63658,215837.399257485,2318.384,7799.673828,214705.478725115,2000.036,7525.454412,234746.44119403,1911.902,7784.15026,246518.26673634,1788.026,7150.425504,272482.77175688,1772.042,6880.465728,
4096B_1W_16B_4096B_4W_16B,243910.86907274,3692.042,6342.37622,209328.30902668,2637.098,6952.672564,202246.340065485,2166.68,7160.04668,206957.785206695,1918.484,7187.44074,219766.432167745,1787.504,7122.051008,242911.849968135,1751.54,7049.324576,270344.65976975,1747.766,6733.32542,
4096B_1W_16B_4096B_1W_32B,293784.67165623,4569.218,8733.115288,238770.23203355,3078.266,8588.660844,244156.85061235,2647.586,9345.110908,239382.376423245,2247.764,9069.682032,253496.017590965,2084.372,9177.595004,263338.99901923,1927.418,9009.415764,279253.3310091,1837.286,8528.235172,
4096B_1W_16B_4096B_2W_32B,251379.766926977,3915.5,6989.328072,229582.006764592,2939.366,7867.58124,216190.821925317,2349.956,8347.9999,216758.969037677,2037.38,8107.2357,231529.032181087,1904.624,8277.986276,244954.953478332,1791.182,8156.20566,269070.673618412,1763.654,7788.804552,
4096B_1W_16B_4096B_4W_32B,258540.808357094,3934.322,7328.946272,228896.029635844,2879.822,7977.673272,213859.104307284,2291.078,7963.753208,222667.355592344,2058.422,8278.178084,233014.628241094,1891.922,8156.016872,247339.196787624,1786.694,8024.566504,272354.680631339,1765.16,7750.813616,
4096B_1W_16B_4096B_1W_64B,286549.710590002,4470.938,8520.540124,240026.357248572,3088.766,9672.721356,246230.600340167,2662.304,10640.98152,240253.179671647,2248.496,10458.120752,252920.404271307,2073.56,10444.580624,264331.305708422,1927.706,10332.9804,280333.297167397,1837.796,10275.788808,
4096B_1W_16B_4096B_2W_64B,260289.458485827,4021.304,7453.531712,240362.702495882,3046.946,9199.113544,218844.210676942,2361.41,9843.979832,218628.271217217,2040.62,9706.143968,233363.501524712,1907.198,9700.133848,246900.091641667,1794.2,9829.956072,271101.800292552,1766.894,9986.60048,
4096B_1W_16B_4096B_4W_64B,279040.191309699,4133.528,8434.910156,260326.909610174,3177.818,9780.371148,232316.763075829,2425.46,10247.040684,242243.020740639,2186.144,10433.069496,245015.542805234,1950.602,10240.986292,255353.265679054,1813.85,10131.420964,278943.987052224,1781.438,10032.734268,
4096B_2W_16B_1024B_1W_16B,239888.158966177,4556.96,9743.142728,227097.170960292,3412.994,9773.912496,222976.042116842,2766.974,9989.897048,239247.401378197,2504.792,10226.036704,253564.636853172,2295.002,10380.121408,263041.628503892,2098.754,9830.076664,284586.977460097,2020.832,9623.86912,
4096B_2W_16B_1024B_1W_32B,241744.041077091,4561.088,9745.429616,224976.484224731,3358.736,10164.675196,221033.589809536,2722.262,10564.165844,235808.480949591,2452.088,10819.808404,247076.880646211,2223.872,10887.68898,256177.954436026,2032.73,10360.649268,276687.057409191,1954.808,10276.21546,
4096B_2W_16B_1024B_1W_64B,251590.864958188,4636.406,10296.985672,231901.914638748,3383.438,11487.435052,227694.381339713,2741.636,12041.794516,242705.291584168,2471.462,12353.650956,252363.031683708,2228.15,12604.365912,261449.092527338,2036.786,11964.984832,282001.718771203,1958.864,11982.621292,
4096B_2W_16B_2048B_1W_16B,252280.835243841,4401.8,9698.116468,230791.426063256,3242.738,8830.583912,219373.524287836,2578.514,8823.721208,230832.312357141,2310.56,8759.510216,244258.812674051,2125.412,8833.141728,249329.578733701,1923.392,8586.645312,268006.395077646,1847.246,8215.164744,
4096B_2W_16B_2048B_2W_16B,234553.759524025,4096.472,9564.662516,225138.43278441,3155.414,9170.111936,217735.826429,2550.242,9105.326192,230182.963297675,2296.052,9375.165012,244274.465634675,2118.452,9400.074604,251300.03133392,1931.306,8895.447464,269756.4491041,1853.162,8683.063412,
4096B_2W_16B_2048B_1W_32B,241367.49821729,4254.626,9543.917812,226942.511460505,3203.9,9485.338084,219182.20538712,2579.414,9659.8726,227965.492862495,2285.264,9637.14794,240681.182444245,2096.564,9847.779348,247158.452269125,1906.532,9603.52782,264567.24914954,1823.726,9334.403908,
4096B_2W_16B_2048B_2W_32B,227927.246466339,3991.472,9241.72686,221298.724417364,3100.142,9625.309712,214091.667604249,2502.74,9813.363072,224438.993559924,2235.23,9857.733984,237514.658346599,2056.52,9911.805644,242253.424866544,1859.606,9450.10106,258189.949720164,1772.582,9274.377868,
4096B_2W_16B_2048B_1W_64B,240983.219004843,4203.152,9713.433792,228069.312723278,3181.73,10662.559732,223124.064812683,2590.544,11131.79748,234403.868310168,2317.262,11428.27114,242829.648566303,2090.6,11549.748344,249280.660005793,1901.012,11045.271896,266568.354906483,1817.984,10947.526216,
4096B_2W_16B_2048B_2W_64B,240578.236022068,4113.662,9630.692664,227833.388507793,3127.316,10683.92816,219283.360512218,2514.818,11068.367108,231834.929928568,2266.622,11391.170068,241284.229624593,2056.388,11446.780356,243867.251495918,1845.266,10768.260912,260270.943668743,1762.904,10758.854856,
4096B_2W_16B_4096B_1W_16B,265365.138511923,4020.32,8865.50618,222339.850010888,2802.206,7845.115984,220201.911818323,2350.88,8010.131712,232379.787064548,2138.87,8179.939164,247111.691315018,1995.458,7924.327124,248319.711134968,1793.438,7414.393632,264130.783756938,1716.626,7172.29902,
4096B_2W_16B_4096B_2W_16B,200154.9283612,3087.362,6383.000668,198693.42606474,2511.938,6768.669348,195151.714539305,2093.024,7049.968656,199838.529499915,1853.708,7001.899968,218538.0375816,1773.122,7297.096656,227843.83507928,1647.914,6633.051,252194.404319005,1635.704,6419.924492,
4096B_2W_16B_4096B_4W_16B,192905.374079815,2949.644,5773.889488,188385.112860135,2368.892,6425.755752,187508.55673052,1999.706,6650.569496,192238.820143945,1774.376,6706.873988,203519.87731983,1649.39,6614.108732,224712.87502616,1615.202,6520.29162,249959.521976875,1611.428,6234.29786,
4096B_2W_16B_4096B_1W_32B,245859.397466525,3836.588,8328.91862,214648.50878374,2762.774,8037.915932,215549.155198995,2338.976,8425.312424,227516.47594034,2123.414,8701.073304,241585.461538795,1974.896,8674.356052,244615.72693491,1784.642,8273.865984,259322.40863273,1701.17,7957.19586,
4096B_2W_16B_4096B_2W_32B,198292.140854737,3119.156,6457.850204,200093.749777452,2564.822,7251.895528,195395.423781332,2119.934,7551.819732,203379.113938312,1901.486,7565.51324,217248.678314442,1778.498,7782.515824,226136.765445017,1648.628,7625.558536,249034.824844042,1627.538,7244.417548,
4096B_2W_16B_4096B_4W_32B,206033.940564154,3160.178,6714.967636,199336.688537214,2510.162,7321.006144,197978.631513029,2111.228,7356.900276,209198.772478594,1923.194,7697.664196,218385.991061019,1764.464,7636.939128,228335.630101109,1644.14,7474.627108,252143.629816969,1629.044,7208.239284,
4096B_2W_16B_4096B_1W_64B,238907.975192277,3737.42,8146.611412,213421.904648867,2742.416,8863.03356,218373.739572742,2359.466,9707.134552,232454.721019707,2158.112,9991.9641,242578.590864092,1975.406,9969.761592,245681.424563302,1784.93,9689.084696,260472.415661427,1701.68,9521.279192,
4096B_2W_16B_4096B_2W_64B,207661.513514717,3230.732,7074.1344,209121.999839077,2651.756,8659.977268,198742.988626707,2138.048,8871.209188,204777.073939562,1900.73,9044.69682,219626.133015757,1785.068,9091.809056,228119.518727757,1651.868,9141.221536,251069.969265782,1630.778,9268.2211,
4096B_2W_16B_4096B_4W_64B,224400.030897119,3339.848,8030.698108,219662.028986809,2686.724,9208.82774,213707.116019919,2220.968,9323.958252,226526.912842889,2033.156,9675.1178,232443.019796014,1838.906,9659.566888,236285.231174349,1671.74,9423.5657,258603.376127054,1645.322,9318.508956,
4096B_4W_16B_1024B_1W_16B,246828.186319586,4600.022,9402.904652,241488.429389716,3555.29,9720.722532,230572.998868641,2814.92,10346.960848,234622.409172176,2433.746,10253.796628,242910.863432566,2185.55,10030.681132,265524.505062066,2096.75,9870.259376,286848.396448091,2017.94,9579.965704,
4096B_4W_16B_1024B_1W_32B,249056.899090105,4610.588,9372.490132,241233.875398935,3526.784,10044.322764,228141.332374385,2765.324,10794.075204,229260.67717285,2363.282,10745.376628,236489.52140652,2115.086,10554.66022,258649.162985405,2030.948,10400.233788,278906.088620545,1951.916,10231.366624,
4096B_4W_16B_1024B_1W_64B,258609.139364507,4679.912,9858.034472,247986.606218962,3548.378,11138.290448,234745.243459122,2783.81,12185.090904,234878.213639522,2370.89,12169.339776,241748.484678517,2119.364,12195.030876,263922.463709217,2035.004,12004.445532,284222.606643557,1955.972,11940.289776,
4096B_4W_16B_2048B_1W_16B,260630.047099495,4465.508,9338.975692,244646.259305385,3371.936,8744.303268,225734.778616685,2612.696,8955.981276,226316.44240207,2244.398,8731.533476,233924.716908525,2023.064,8564.44078,251784.94649285,1922.054,8643.437792,270177.125368585,1844.576,8176.625576,
4096B_4W_16B_2048B_2W_16B,240810.756901289,4130.432,9234.959996,239625.951986299,3292.604,9135.073688,224497.860434964,2588.642,9257.472996,224559.802596749,2220.344,9243.625392,234497.587586134,2020.766,9156.432632,253599.664172244,1928.858,8931.17278,271894.434241454,1850.27,8640.310072,
4096B_4W_16B_2048B_1W_32B,249345.981454464,4314.782,9175.630928,241304.587444394,3341.09,9241.046796,225623.132999254,2614.706,9755.34534,223534.185705654,2219.546,9582.809024,231058.439969114,1999.322,9588.88826,249444.679957009,1904.084,9637.528812,266724.676028379,1821.056,9291.805192,
4096B_4W_16B_2048B_2W_32B,233699.603803783,4019.216,8911.209544,237020.050308993,3254.204,9417.899928,221780.129746403,2551.352,10004.6772,217874.669424808,2151.086,9700.172008,226105.052007048,1945.958,9572.96244,243964.208180843,1853.384,9476.089996,260276.842914238,1769.69,9229.597288,
4096B_4W_16B_2048B_1W_64B,248869.995908317,4262.42,9206.785228,244400.526401712,3344.006,10346.995424,229719.219100592,2627.39,11196.72232,226758.795019132,2222.462,11197.585348,233206.056272352,1993.358,11204.782556,251595.176587562,1898.786,11079.019196,268686.726991357,1815.092,10906.073532,
4096B_4W_16B_2048B_2W_64B,246517.453904957,4142.516,9152.604932,244140.240619657,3287.372,10447.155044,227627.666629857,2569.868,11230.541504,223371.736829357,2165.828,11157.967896,228814.611176707,1938.056,10980.530492,246142.690430007,1843.04,10801.66484,262349.895062657,1760.012,10715.37734,
4096B_4W_16B_4096B_1W_16B,269190.925314862,4017.65,8615.29482,236709.460468812,2927.63,8120.1615,225015.477640427,2368.856,8118.699884,226658.554936462,2068.49,7942.282636,235821.144043917,1893.332,7792.643764,250780.141284452,1792.766,7485.237588,266192.523050677,1713.956,7133.249368,
4096B_4W_16B_4096B_2W_16B,206763.678809684,3131.09,6286.240776,205388.894498764,2553.002,6863.340268,192865.437441024,2045.066,7060.02736,203059.483452929,1858.808,7145.735788,220873.848636664,1771.562,7259.845156,230208.839480364,1647.242,6643.300888,254202.364376144,1633.034,6386.523912,
4096B_4W_16B_4096B_4W_16B,195585.627700919,2940.98,5726.239928,189948.226501489,2353.568,6474.790872,178996.017877434,1893.806,6412.732076,189214.676564414,1728.638,6640.256276,205191.988724899,1643.612,6690.007352,226850.987912814,1613.198,6483.783452,251949.851266214,1608.758,6240.17234,
4096B_4W_16B_4096B_1W_32B,249554.263141959,3833.696,8134.506036,228929.052190709,2890.196,8210.155628,220915.505701429,2362.724,8504.051768,222103.124588289,2054.588,8486.815364,231134.102269004,1877.654,8484.86414,246803.346202354,1782.194,8355.042612,261379.081365669,1698.5,7914.184428,
4096B_4W_16B_4096B_2W_32B,204947.071670051,3164.216,6302.717336,207166.452035581,2610.548,7189.625756,192858.438942876,2068.646,7548.397868,206676.290152736,1907.03,7720.524516,218807.470181176,1771.166,7732.37264,228840.056025951,1650.176,7595.15392,251041.712018381,1624.868,7209.36324,
4096B_4W_16B_4096B_4W_32B,210024.659880218,3167.498,6552.17786,204005.896094728,2528.582,7326.539148,190968.428350728,2017.982,7170.304316,202020.800417663,1841.936,7592.570708,219196.463073433,1751.804,7656.235892,231037.982032443,1645.688,7444.012544,254148.056465108,1626.374,7173.2064,
4096B_4W_16B_4096B_1W_64B,242539.439998111,3734.528,7987.515104,230003.943004656,2897.366,8981.46672,223764.057719081,2383.436,9735.620352,224178.877113301,2064.644,9678.95334,232177.489330101,1878.164,9701.124288,247937.342557556,1782.926,9648.099916,262456.823725156,1698.566,9531.761672,
4096B_4W_16B_4096B_2W_64B,213515.031544056,3263.582,6767.814408,219671.697746486,2736.554,8353.13654,197023.850618926,2094.53,8857.782368,208471.940982861,1909.604,9094.453168,220557.040090286,1773.074,9148.03854,230757.555986281,1652.972,9110.466416,253079.035379121,1628.108,9229.244052,
4096B_4W_16B_4096B_4W_64B,232318.349572143,3398.672,7564.06632,236873.389776833,2843.228,8929.730676,208909.654816993,2148.812,9273.102004,219773.554493238,1955.45,9518.712,228145.064626988,1788.95,9626.579444,238938.811869673,1672.844,9347.342272,260615.812573593,1642.652,9279.760008,
4096B_1W_32B_1024B_1W_16B,269551.856322813,5244.392,9218.691292,255310.496315213,3894.632,9967.830508,231730.942101013,2926.712,10776.758084,235494.248304228,2515.346,10733.894688,247141.241788268,2278.25,10791.869284,258514.468127953,2094.656,10362.333044,280335.470288583,2017.844,10217.129772,
4096B_1W_32B_1024B_1W_32B,271983.545407037,5262.284,9139.98154,260726.709332677,3944.492,10650.158564,231159.414269862,2896.874,11309.66884,232238.056745957,2463.308,11334.759868,241430.662351522,2212.226,11365.744424,253496.062830687,2041.064,10906.060572,272581.747347917,1951.82,10851.5967,
4096B_1W_32B_1024B_1W_64B,282727.720905999,5352.92,9591.516808,272641.015092764,4036.238,12213.075112,237845.406513124,2916.47,12772.457512,239072.025833949,2482.46,12850.751904,248126.618264624,2228.27,13137.40936,258790.964695684,2045.342,12523.58628,277886.655378129,1955.876,12558.062972,
4096B_1W_32B_2048B_1W_16B,282297.203886632,5040.17,9106.791388,248567.533517647,3556.988,8551.568796,230547.235907022,2752.238,9595.137708,228838.519470557,2332.88,9317.499064,236271.949345312,2093.786,9115.152716,247303.708265982,1934.39,9146.953296,264123.960770372,1844.258,8740.915632,
4096B_1W_32B_2048B_2W_16B,262810.914701541,4691.552,9089.191236,246751.372704626,3515.174,9055.968744,228411.767662636,2717.306,9856.742216,228010.226980626,2316.374,9845.680304,237741.848142656,2098.37,9797.763192,247184.974768291,1927.652,9387.576236,265859.901154626,1850.174,9214.96474,
4096B_1W_32B_2048B_1W_32B,270056.155319311,4873.904,8896.18764,247188.284554671,3552.56,9296.12302,231757.472347601,2769.788,10418.110988,224805.901387861,2296.484,10130.919924,233335.314523626,2069.378,10183.58012,244100.420107616,1909.982,10117.990024,260738.930610226,1820.738,9856.417296,
4096B_1W_32B_2048B_2W_32B,256634.85370622,4595.654,8746.082276,242026.946528125,3449.468,9460.152412,225645.337012575,2679.128,10554.516636,220524.51461855,2238.458,10277.4815,228852.74359657,2018.234,10204.535816,238548.891102075,1857.728,9939.941,254472.49240877,1769.594,9795.295444,
4096B_1W_32B_2048B_1W_64B,271199.630594399,4846.184,8931.0477,250981.513293619,3564.8,10674.531576,234868.716625569,2772.26,11861.79394,227153.099407979,2291.408,11740.457532,233950.375164184,2050.982,11838.65976,246265.862158149,1904.684,11556.441304,262752.771747689,1814.996,11481.152384,
4096B_1W_32B_2048B_2W_64B,273724.352678409,4788.884,9062.820784,260697.189337259,3631.376,11163.478988,232383.692912359,2706.968,11913.288356,226709.449776759,2259.416,11771.23714,233187.020774909,2022.764,11754.087656,240790.781726884,1847.606,11259.365976,256573.130530509,1759.916,11276.077336,
4096B_1W_32B_4096B_1W_16B,297402.656475884,4595.198,8474.209616,229151.669840629,2945.516,8041.532232,229737.772729539,2488.64,8605.47214,227133.904076834,2128.778,8341.745272,238745.276659954,1960.946,8296.939328,246843.486168954,1805.546,8077.901204,260546.478213089,1713.86,7639.442376,
4096B_1W_32B_4096B_2W_16B,238186.703041266,3715.742,6274.911172,211727.395479926,2719.406,7096.380804,198981.486711331,2169.068,7624.417016,196820.382780306,1857.158,7370.481128,214917.145773551,1770.356,7649.806188,225055.390927021,1649.144,7102.254136,248787.394764756,1632.938,6867.532596,
4096B_1W_32B_4096B_4W_16B,229840.066053606,3552.494,5719.988116,194918.371995521,2496.44,6722.037336,186928.617479926,2030.462,7010.054636,189529.713402561,1778.936,7054.873068,200619.327437756,1649.954,7005.089892,221427.062206216,1612.658,6979.864992,246604.148670426,1608.662,6715.42436,
4096B_1W_32B_4096B_1W_32B,276836.961129061,4405.916,7961.81266,222919.721193921,2925.62,8329.546096,227941.275846206,2507.594,9092.175852,220982.560026766,2101.778,8890.8991,234033.916985451,1945.712,8996.106784,241918.434941111,1788.536,8905.560484,255740.894223376,1698.182,8433.75308,
4096B_1W_32B_4096B_2W_32B,235340.457414633,3748.868,6308.121848,213413.041425833,2780.948,7524.390032,199446.938570848,2199.974,8120.5529,199291.045350318,1896.722,7976.116744,212087.279651933,1764.188,8105.37758,223708.226811613,1652.3,8033.745124,245613.618973488,1624.55,7701.299244,
4096B_1W_32B_4096B_4W_32B,242406.2479446,3769.91,6636.54094,212692.4350505,2722.07,7650.063088,197848.457764195,2149.088,7765.523516,204506.326334895,1913.768,8101.060704,213415.63579034,1751.486,8044.007724,225888.3844003,1647.59,7870.578228,248715.252024015,1626.056,7679.091284,
4096B_1W_32B_4096B_1W_64B,269901.595700243,4308.08,7761.053992,224271.492710953,2936.564,9357.61216,230036.961196518,2522.09,10317.359112,222003.960240983,2103.176,10181.186896,233520.691484488,1934.678,10175.4899,242948.706596298,1788.602,10134.063844,256891.312475273,1698.692,10048.465292,
4096B_1W_32B_4096B_2W_64B,243901.398235633,3852.452,6752.241972,224031.520398933,2888.972,8700.618728,202126.717923683,2211.872,9529.228368,200949.973615618,1898.186,9496.999324,214126.331562693,1768.316,9430.547408,225617.694735143,1655.096,9577.584824,247641.696246028,1627.79,9723.171908,
4096B_1W_32B_4096B_4W_64B,262271.967403375,3967.784,7695.845752,243404.07008163,3020.066,9286.286524,215660.088923585,2281.028,9898.244164,224014.68991105,2044.154,10160.609436,225406.64937972,1811.942,9967.125948,233713.54068533,1674.746,9906.357548,255136.2052585,1642.334,9767.766288,
4096B_2W_32B_1024B_1W_16B,230740.547672239,4482.332,8840.856096,218517.898651374,3337.478,9079.254148,215927.459820194,2710.55,9930.846908,228459.125410294,2417.51,10218.01856,239932.843947399,2193.068,10328.50148,251967.515234534,2025.014,10075.338304,270717.177772144,1935.77,9845.069668,
4096B_2W_32B_1024B_1W_32B,232509.337859913,4484.684,8837.957144,217170.916067978,3292.322,9516.41526,214131.738192763,2666.504,10472.090188,223821.221581488,2352.374,10776.191908,234125.674484258,2126.378,10850.23794,246936.378592228,1971.422,10587.03596,262946.725106598,1869.746,10435.24274,
4096B_2W_32B_1024B_1W_64B,242227.385670295,4560.224,9362.5756,224022.23495751,3316.802,10784.27634,220845.457313465,2686.988,11911.160096,230659.561213765,2371.748,12183.719076,239324.165336685,2130.212,12513.025152,252184.13037254,1975.478,12148.089136,268231.45236751,1873.802,12068.537092,
4096B_2W_32B_2048B_1W_16B,242766.325509258,4322.51,8812.136492,221048.072207378,3153.014,8196.31428,211983.306205993,2517.872,8715.7731,219289.312504818,2217.062,8762.346332,228132.025792643,2005.052,8634.713192,236795.102575318,1839.662,8763.55082,254076.512785638,1762.406,8386.439388,
4096B_2W_32B_2048B_2W_16B,225029.611632052,4009.634,8683.99404,216925.021173102,3083.894,8579.785404,210347.811478172,2489.378,8985.422028,218653.559872837,2202.776,9323.04908,229600.373383572,2009.858,9277.633188,240080.528636792,1857.122,9093.676408,255786.185415292,1768.322,8837.806484,
4096B_2W_32B_2048B_1W_32B,232407.587892062,4179.554,8683.077732,218271.813975082,3126.386,8812.79132,211879.233594507,2519.216,9526.793904,216560.201537177,2191.988,9593.898332,226805.273597857,1993.076,9726.261824,235405.617716832,1827.686,9743.28412,250706.368572287,1738.664,9445.780404,
4096B_2W_32B_2048B_2W_32B,219317.206161861,3915.956,8405.870596,212835.036964226,3023.738,8941.056252,206959.462043416,2443.43,9670.0895,213059.485347846,2141.954,9754.612908,223614.716023766,1952.81,9797.045356,229994.981079586,1776.986,9563.105028,244361.403591591,1687.52,9372.22494,
4096B_2W_32B_2048B_1W_64B,232053.850156035,4127.192,8835.51884,220239.83724767,3114.65,10015.341124,216094.2825028,2533.454,10961.005256,221570.484038085,2211.332,11192.655068,228883.22945204,1986.446,11357.693992,237570.452053405,1822.388,11129.762664,252719.32760601,1732.922,10994.03,
4096B_2W_32B_2048B_2W_64B,231785.92614241,4039.034,8763.342956,220168.66135491,3062.234,10055.96232,212245.19806646,2457.062,10903.691404,219007.596655735,2161.136,11143.34986,227522.957522835,1954.232,11257.225672,232249.006059185,1767.308,10835.027868,246410.53601071,1677.842,10780.796192,
4096B_2W_32B_4096B_1W_16B,254900.179668165,3928.82,8054.582868,210760.637891315,2692.28,7632.994848,212048.96089123,2284.466,7937.481272,220340.215178355,2045.816,8119.024092,230042.498064095,1874.432,7807.456736,235221.83523778,1709.486,7558.868796,249662.24624853,1631.786,7330.887152,
4096B_2W_32B_4096B_2W_16B,191846.099426662,3005.63,5722.5614,189126.611415177,2420.216,6529.201644,183916.393093052,1992.866,6974.774936,188701.464905212,1764.65,6962.317432,206702.015322297,1688.504,7321.728708,215388.415526357,1566.848,6737.633828,237828.849221197,1550.864,6552.879,
4096B_2W_32B_4096B_4W_16B,184890.402619117,2869.688,5212.783272,179939.770756017,2288.048,6212.87162,179094.057897362,1925.966,6596.354528,182551.416763702,1696.862,6736.883,192097.423495272,1566.77,6685.087468,211684.265014952,1530.362,6624.721136,235577.280673867,1526.588,6383.684264,
4096B_2W_32B_4096B_1W_32B,235906.970052482,3745.754,7555.143848,204393.430461247,2665.28,7817.787456,208032.837384612,2277.446,8346.168336,215625.645368537,2029.916,8667.703476,227077.534309462,1871.186,8587.550932,232483.557797442,1706.018,8353.17764,245002.339259417,1616.108,8051.240984,
4096B_2W_32B_4096B_2W_32B,190524.727502749,3044.084,5816.791752,190437.506190849,2471.324,6974.897136,183669.730411244,2013.782,7427.5404,191343.904916824,1804.214,7539.515428,203732.793406134,1680.338,7745.592008,214207.942391354,1570.226,7689.003548,234818.014242034,1542.698,7332.339552,
4096B_2W_32B_4096B_4W_32B,197978.660768326,3083.33,6053.346552,190550.972774046,2427.098,7058.179352,186836.263822196,2011.958,7257.816148,197609.241310621,1831.028,7662.563068,205543.338610041,1672.076,7691.867308,216279.338442641,1565.516,7506.76532,237814.916165161,1544.204,7310.504744,
4096B_2W_32B_4096B_1W_64B,229206.193253949,3647.252,7389.709624,204988.085702039,2665.568,8637.209528,211256.794899649,2301.932,9564.355096,219085.184870619,2051.96,9744.82942,228034.986858044,1871.03,9916.446696,233556.233945629,1706.084,9738.686088,246195.201475914,1616.618,9538.410176,
4096B_2W_32B_4096B_2W_64B,199240.533118874,3148.778,6380.127604,200086.305516274,2567.138,8196.939652,188722.843483704,2048.99,8660.357504,193344.455754989,1808.564,8937.273864,205332.013769719,1681.136,9028.375724,216154.077403689,1573.244,9135.151492,236849.851895774,1545.938,9253.686768,
4096B_2W_32B_4096B_4W_64B,215965.503428786,3262.778,7317.540432,211737.060483556,2617.646,8763.658436,202843.214943006,2127.026,9101.200916,214936.003729766,1943.21,9500.047448,218456.137047781,1739.636,9615.313852,224140.712059686,1593.338,9449.159884,244164.713825846,1560.482,9298.328084,
4096B_4W_32B_1024B_1W_16B,246668.562080916,4621.13,8504.595596,242059.473766181,3568.184,9117.59586,230472.281745151,2810.276,10349.034952,237895.581319536,2457.962,10640.469188,241986.171479261,2170.472,10479.993728,258434.264065486,2038.382,10298.727792,277282.987206696,1949.138,10036.115964,
4096B_4W_32B_1024B_1W_32B,248660.75170085,4627.922,8447.648364,242489.70859288,3548.558,9510.879468,228551.55977007,2765.786,10824.35604,231909.361655465,2381.06,11091.359004,236153.66894377,2104.226,11019.079364,253330.20945774,1984.79,10817.477592,269423.57183651,1883.114,10630.565404,
4096B_4W_32B_1024B_1W_64B,258164.038362837,4697.468,8890.15438,249211.061284022,3569.93,10611.926752,235157.939124592,2784.494,12193.709696,238851.714962997,2401.1,12530.932156,241378.260350282,2108.282,12636.751596,258586.880800852,1988.846,12391.125936,274717.218660222,1887.17,12281.505356,
4096B_4W_32B_2048B_1W_16B,260510.44346678,4483.73,8461.306064,245432.818849045,3384.608,8224.272216,226653.128454915,2616.932,9026.8888,228619.665054215,2257.292,9115.809212,230210.70253759,1985.342,8814.874556,243081.21763203,1853.03,8969.808288,260477.16015875,1775.774,8561.335452,
4096B_4W_32B_2048B_2W_16B,241104.965423784,4149.986,8410.750368,242222.245320089,3327.032,8674.338596,224126.653562524,2579.114,9292.913004,226742.354614884,2231.906,9602.40624,231593.129032964,1989.482,9447.459496,246394.049537104,1870.49,9300.032596,262199.339945604,1781.69,9012.734504,
4096B_4W_32B_2048B_1W_32B,249426.431641234,4334.114,8298.723368,243936.446973039,3377.072,8730.911256,225635.668219829,2609.396,9772.443488,225679.759224604,2230.886,9921.73088,228940.009262394,1973.81,9923.040852,241665.833867384,1841.054,9959.952724,257065.931839639,1752.032,9628.206984,
4096B_4W_32B_2048B_2W_32B,234494.632324223,4045.208,8100.754752,237689.763373288,3263.99,8855.259796,221871.659887743,2546.264,10028.755112,221496.696415463,2175.08,10044.76198,224107.741303903,1921.112,9893.657928,236197.536767418,1790.354,9774.0833,250662.733369823,1700.888,9549.723428,
4096B_4W_32B_2048B_1W_64B,248848.234369292,4279.31,8321.114252,246003.105568642,3366.89,9847.715428,230913.087873972,2634.734,11209.72586,228925.698813647,2234.024,11477.813528,231010.013198317,1967.18,11501.873296,243823.410983637,1835.756,11358.285256,259071.060626642,1746.29,11194.117672,
4096B_4W_32B_2048B_2W_64B,246954.761464707,4164.512,8316.446492,245418.437669432,3305.15,9949.560348,227550.161391382,2563.226,11208.802252,227141.444345982,2191.154,11475.12148,228283.294908482,1924.754,11340.839164,238446.511013257,1780.676,11061.11462,252706.815055182,1691.21,10975.200984,
4096B_4W_32B_4096B_1W_16B,268753.599225482,4023.218,7772.387332,235205.840040667,2908.112,7967.927096,222698.869926057,2339.348,8144.600224,229191.528955637,2080.94,8319.549784,231778.924731442,1854.722,8046.426884,241626.467966397,1723.964,7811.002132,256012.105710122,1645.154,7493.064528,
4096B_4W_32B_4096B_2W_16B,207518.402520309,3141.32,5705.827096,206785.927984469,2562.344,6674.963572,193304.518438984,2039.09,7204.091736,195812.448837834,1788.23,7215.893412,212821.794119909,1702.76,7531.017192,221478.208250554,1580.438,6936.100136,244078.436218389,1564.232,6706.460876,
4096B_4W_32B_4096B_4W_16B,196999.103137989,2957.648,5185.816412,191484.238506179,2362.244,6445.519504,185817.891091534,1947.326,6691.107276,183738.069504834,1672.046,6845.377976,197430.954705479,1576.364,6911.757984,217769.821785754,1544.174,6760.119648,241804.283747859,1539.956,6551.636644,
4096B_4W_32B_4096B_1W_32B,249330.174616294,3839.93,7335.901788,228491.342037624,2882.222,8070.76064,218683.226671964,2333.438,8521.465128,224547.321904249,2066.372,8863.65268,228906.561797019,1851.92,8796.065468,238689.716648234,1719.386,8667.390116,251306.699174209,1629.476,8218.555468,
4096B_4W_32B_4096B_2W_32B,205825.920753231,3176.888,5707.154176,208185.458750606,2616.338,7000.673964,193352.731296151,2063.336,7643.124136,198889.758445926,1831.346,7773.669488,210028.553244881,1696.148,7962.371964,220246.899633346,1583.594,7855.699156,241035.682757226,1556.066,7493.061008,
4096B_4W_32B_4096B_4W_32B,211092.241075353,3182.612,5954.911388,204779.539273268,2530.598,7226.960812,192819.856394188,2025.326,7361.533404,200324.521509603,1817.312,7829.726648,210762.024100208,1679.894,7903.404736,222329.469699433,1578.884,7671.957464,244051.781064753,1557.572,7471.67364,
4096B_4W_32B_4096B_1W_64B,242438.497359056,3741.206,7210.795408,228500.449783291,2876.96,8781.886184,222766.539541791,2366.36,9758.306808,226685.632500476,2077.094,9984.211904,229933.014434611,1852.208,9967.63684,239755.614844821,1719.452,9933.9729,252493.356465506,1629.986,9771.111628,
4096B_4W_32B_4096B_2W_64B,214767.909067186,3282.914,6119.26772,222241.757769546,2761.658,8076.214348,198427.406416706,2098.322,8908.134804,201185.064665746,1838.138,9180.15824,211718.147831181,1697.612,9279.826556,222196.634243681,1586.612,9314.810208,243071.406522166,1559.306,9432.188424,
4096B_4W_32B_4096B_4W_64B,233631.232204018,3420.002,6897.253968,237997.291921338,2852.57,8602.942864,213134.735581688,2179.91,9413.706364,215177.944723063,1907.96,9634.491956,226202.460890148,1765.214,9894.64728,230239.972678478,1606.706,9635.340972,250435.809401038,1573.85,9477.640356,
4096B_1W_64B_1024B_1W_16B,271325.955291475,5272.316,8034.580448,255833.32689417,3889.478,9355.056284,233374.05831509,2929.55,11168.800888,228984.17337487,2437.598,11579.693824,242366.512688625,2224.256,11755.733092,250667.14115399,2023.79,11351.275692,272305.573832635,1952.972,11183.137356,
4096B_1W_64B_1024B_1W_32B,273579.006349974,5287.322,7960.018796,261864.977095754,3948.218,10022.49168,232523.839574524,2896.382,11671.7558,227070.421271199,2397.992,12195.722916,236704.985009399,2158.232,12255.397964,245696.140658404,1970.198,11831.741552,264603.955886529,1886.948,11742.30654,
4096B_1W_64B_1024B_1W_64B,284221.085631811,5376.848,8461.805664,273909.767556576,4042.406,11500.581024,239199.635611586,2915.978,13130.340888,233899.719933376,2417.366,13691.055664,243377.820486801,2174.276,13975.607036,250969.311985301,1974.476,13396.19418,269888.899599541,1891.004,13395.777212,
4096B_1W_64B_2048B_1W_16B,285793.362467109,5092.736,7972.370132,250211.542774769,3564.488,8053.745752,230748.660684184,2738.426,9918.642024,222853.910893359,2262.236,10086.212244,230607.454665194,2033.798,9978.220428,239228.111453899,1863.524,10035.861428,255898.899990984,1779.386,9577.603152,
4096B_1W_64B_2048B_2W_16B,266342.635906498,4741.454,8040.797772,247222.177429398,3507.134,8526.570784,228667.419977768,2703.938,10230.000308,221984.124934243,2245.508,10577.006984,232053.137410338,2038.382,10644.51034,239055.673032923,1856.564,10265.161752,257608.160500438,1785.302,10040.39578,
4096B_1W_64B_2048B_1W_32B,273450.381911873,4924.028,7838.140932,248693.896682833,3558.284,8765.886632,232164.769361253,2758.196,10714.793612,218200.117122338,2219.402,10847.85812,228500.910158728,2015.606,11033.794636,236061.629984808,1838.894,10952.542992,252576.621059078,1755.866,10636.839216,
4096B_1W_64B_2048B_2W_32B,259556.788497102,4635.122,7716.459092,242875.631464997,3445.868,8936.619616,226215.668822497,2668.868,10827.652224,213879.604601442,2161.154,10977.323048,224040.984321917,1964.684,10995.970416,230495.593354387,1786.64,10737.28266,246298.719714102,1704.722,10558.656244,
4096B_1W_64B_2048B_1W_64B,274194.628625586,4889.426,7922.397808,252211.149848381,3566.972,10077.2404,235111.889826781,2758.892,12126.045828,221822.228585781,2226.092,12474.527432,229127.103208766,1997.21,12582.78722,238263.099283426,1833.818,12334.811428,254595.446471421,1750.124,12226.233296,
4096B_1W_64B_2048B_2W_64B,276311.669232256,4824.134,8049.923172,261057.085015656,3622.67,10523.803856,232768.726289081,2694.932,12194.068192,221415.503422981,2194.988,12515.045364,228176.468152206,1967.882,12477.7394,232703.118009356,1776.518,11998.402624,248368.223306881,1695.044,11977.84156,
4096B_1W_64B_4096B_1W_16B,302700.910252881,4663.748,7378.401612,228973.897697171,2927.264,8319.82064,228600.496397281,2461.508,9103.173644,221544.994773771,2065.904,9027.293264,232768.678598681,1902.068,9123.942436,238109.975090296,1734.014,8836.971188,251816.753220981,1648.988,8378.642216,
4096B_1W_64B_4096B_2W_16B,245321.156553103,3803.828,5499.490572,211393.318395198,2698.046,7255.449332,193862.559305258,2101.31,8172.685156,191560.658310883,1796.06,8024.008088,208366.129702368,1706.594,8395.770784,216812.546608028,1580.498,7776.07948,240079.001012248,1568.066,7568.183396,
4096B_1W_64B_4096B_4W_16B,235051.801884583,3611.276,4908.903944,193686.627311733,2463.536,7058.367504,182564.620658213,1969.808,7533.01222,183191.417094733,1708.736,7727.595616,193759.848210618,1583.75,7709.302316,213726.289346108,1547.786,7625.850464,237865.772466718,1543.79,7401.112144,
4096B_1W_64B_4096B_1W_32B,282087.829189553,4474.244,6935.429532,222842.344205278,2908.034,8608.241652,226801.309509738,2480.018,9544.960876,214884.417438578,2033.354,9565.440736,228907.292112403,1892.384,9826.559484,233394.437742063,1717.448,9623.293288,247141.826396468,1633.31,9132.830008,
4096B_1W_64B_4096B_2W_32B,241635.849332545,3826.964,5543.716904,213642.383728455,2766.248,7706.30512,196245.252187985,2150.42,8710.361356,193928.04723586,1834.07,8682.09794,206346.25158027,1705.754,8827.215108,215211.356872565,1581.212,8666.725056,237013.28140978,1559.678,8365.029692,
4096B_1W_64B_4096B_4W_32B,247172.126591287,3824.696,5778.909192,211471.446709737,2690.276,7867.278124,193324.191837347,2086.88,8330.943016,199236.399244072,1852.67,8831.61692,208376.747361807,1698.824,8825.08262,217302.186402452,1576.502,8537.507844,240067.188260812,1561.406,8326.532932,
4096B_1W_64B_4096B_1W_64B,275137.833926925,4375.964,6783.827368,223312.04822087,2908.322,9485.413876,228903.71013205,2494.514,10728.815056,217243.94705445,2046.074,10871.094604,228397.989131735,1881.128,10983.174996,234461.17209205,1717.514,10805.713508,248325.288099165,1633.82,10687.801264,
4096B_1W_64B_4096B_2W_64B,250293.208203395,3932.768,6075.73446,226448.555314555,2900.912,8774.155252,201545.28870621,2188.514,10075.045716,196103.72613686,1839.974,10086.293864,208237.657018705,1708.772,10198.872412,217120.960374495,1584.008,10149.697456,239041.12893752,1562.918,10310.491864,
4096B_1W_64B_4096B_4W_64B,267428.461551602,4028.786,6868.43246,243112.314303757,3001.148,9112.988128,214283.858887857,2250.788,10413.833584,217985.785452707,1977.728,10763.302384,219537.767123962,1753.73,10717.674868,225043.087656282,1603.658,10482.058604,246378.848690792,1577.462,10414.248084,
4096B_2W_64B_1024B_1W_16B,233841.087768774,4487.558,8015.48054,225247.171568729,3390.656,9033.9731,221577.273563839,2741.972,10696.21276,234946.738636869,2452.04,11442.076508,241234.558038989,2180.312,11469.84322,249252.747818899,1984.508,11231.22258,267321.139421664,1895.042,11034.312996,
4096B_2W_64B_1024B_1W_32B,235215.444411233,4483.028,7948.012612,225217.325627263,3363.704,9540.992696,219892.447768758,2699.258,11261.28344,230323.930584548,2387.126,11920.35976,235459.348757713,2113.844,11964.912444,244234.164783873,1930.916,11691.514712,259563.577421558,1829.018,11555.054228,
4096B_2W_64B_1024B_1W_64B,246039.38639961,4577.882,8467.52646,232332.18531587,3391.514,10769.635928,226674.297387415,2720.408,12720.895264,237241.64947698,2407.166,13366.22214,240654.29988164,2117.678,13622.245828,249470.661447685,1934.972,13224.808456,264836.98837167,1833.074,13157.415316,
4096B_2W_64B_2048B_1W_16B,247373.961072893,4351.712,8154.734264,228964.180778968,3218.402,8274.214532,217795.901737863,2549.516,9406.610968,225737.607168113,2249.816,9796.977284,228264.349736113,1983.416,9661.87194,233938.424205648,1799.378,9790.363616,250505.826723398,1721.678,9424.650364,
4096B_2W_64B_2048B_2W_16B,228620.498887812,4022.186,8005.523268,223704.133898297,3134.408,8615.368768,216130.756592272,2520.578,9712.885752,224233.395424572,2227.538,10314.04114,229724.705874242,1988.222,10272.055176,237145.623141352,1816.394,10132.171164,252200.525289852,1727.594,9872.220036,
4096B_2W_64B_2048B_1W_32B,236264.604763327,4196.768,8008.572452,225846.829795647,3188,8829.58838,217646.428012652,2550.638,10231.778,222983.463893692,2224.742,10593.03584,226954.763605047,1971.44,10749.065908,232549.347118697,1787.18,10743.205544,247168.022700007,1697.936,10442.659956,
4096B_2W_64B_2048B_2W_32B,223135.395813506,3932.282,7702.461248,220551.487328821,3086.684,8980.244996,212746.601968281,2474.852,10346.267948,218724.051253721,2167.604,10773.858008,223696.721827066,1930.73,10735.053324,227084.823698226,1736.258,10527.029476,240800.506298831,1646.792,10351.852844,
4096B_2W_64B_2048B_1W_64B,236858.54497859,4159.946,8187.359796,228377.05833862,3183.59,10014.4732,221984.046520155,2566.208,11688.422468,227556.63806237,2240.09,12268.641632,229061.305890535,1965.032,12360.905164,234715.57002441,1781.882,12097.0366,249182.38708385,1692.194,11977.070912,
4096B_2W_64B_2048B_2W_64B,235720.794052035,4057.136,8033.875348,228162.148533035,3128.288,10026.74762,218425.808639035,2492.48,11651.530336,224343.53822616,2183.678,12197.509336,227928.887997035,1934.816,12247.089176,229316.396207785,1726.58,11764.005164,242827.18624791,1637.114,11718.720176,
4096B_2W_64B_4096B_1W_16B,259742.49320651,3957.578,7589.782172,216379.518591235,2724.368,8107.240704,217165.932162825,2306.564,8725.295164,221971.05088472,2035.502,9002.63864,229628.298950545,1850.132,8745.083928,232146.89729949,1670.09,8444.390092,245772.590737715,1591.28,8223.070116,
4096B_2W_64B_4096B_2W_16B,198621.727151112,3061.25,5439.989108,195070.190665577,2455.856,7039.520824,191034.712730782,2034.278,7772.328772,188116.977112557,1735.688,7812.204112,204516.333394952,1651.106,8204.875356,212136.732758242,1526.342,7582.657136,233928.360416982,1510.358,7416.642844,
4096B_2W_64B_4096B_4W_16B,188275.263817887,2877.356,4867.297452,186240.039771902,2327.462,6721.902808,184148.312319937,1947.176,7320.03914,181843.261782027,1667.012,7583.297144,189709.292212097,1528.04,7526.719636,208440.555033442,1490.078,7420.075428,231650.825293452,1486.082,7247.265084,
4096B_2W_64B_4096B_1W_32B,240714.223103932,3774.734,7122.368028,209952.261541167,2697.368,8273.866728,213175.284666722,2300.21,9150.027644,217457.764923937,2021.156,9549.543744,226797.766986027,1847.552,9549.931336,229351.012893932,1665.734,9259.271132,241152.993232897,1575.38,8948.422552,
4096B_2W_64B_4096B_2W_32B,197087.511646959,3097.928,5526.77376,196777.466804969,2512.292,7440.874472,190766.349073984,2055.638,8225.321052,191351.986606074,1779.914,8414.043904,201725.548149209,1643.828,8604.334568,211020.966215239,1529.72,8496.741404,230945.760102114,1501.97,8182.987392,
4096B_2W_64B_4096B_4W_32B,201414.082588116,3091.886,5686.016472,197060.130638396,2469.398,7566.49506,191139.160485811,2026.064,8048.060712,198480.931577841,1814.276,8573.62874,203010.789604436,1632.014,8575.257316,213040.189313926,1525.01,8325.197824,233927.078749146,1503.698,8145.291384,
4096B_2W_64B_4096B_1W_64B,234046.142066714,3676.898,6978.126684,210567.816892369,2698.1,9100.97274,216298.021784739,2323.808,10392.176612,220895.508755414,2042.978,10699.329316,227972.902645744,1848.95,10804.691192,230444.369389119,1665.8,10594.051208,242366.753933594,1575.89,10401.299644,
4096B_2W_64B_4096B_2W_64B,206199.568224814,3208.394,6098.00858,206271.779196954,2606.33,8523.2556,195885.231533759,2091.512,9455.444644,193639.513614694,1786.706,9814.908592,203473.590192519,1645.736,9928.6004,212934.765395969,1532.516,9933.682568,232978.426240654,1505.21,10059.130692,
4096B_2W_64B_4096B_4W_64B,220851.064431331,3291.536,6902.256596,221181.003061851,2693.024,9105.23656,208215.605189651,2151.344,9882.459344,218550.850116106,1949.546,10444.674336,218020.811325831,1715.336,10519.716684,220827.208264166,1552.61,10258.916796,240199.219037926,1519.754,10162.920648,
4096B_4W_64B_1024B_1W_16B,263371.323285659,4749.404,7215.169672,261742.796675689,3722.432,8660.427532,243712.157489514,2875.502,11348.83498,245158.223614244,2461.25,12057.360508,244757.861876494,2139.35,11870.975504,260110.978538544,2003.93,11730.35838,278284.699130009,1914.464,11518.445352,
4096B_4W_64B_1024B_1W_32B,264793.614522688,4747.094,7093.54594,262478.682006618,3707.69,9008.691144,242378.765170073,2838.116,11862.725916,239095.017306133,2384.348,12456.291456,238868.570745363,2073.104,12334.521456,254963.586070958,1950.338,12194.122624,270369.711719743,1848.44,12038.495708,
4096B_4W_64B_1024B_1W_64B,275829.200065055,4840.616,7531.649364,269281.843168945,3729.284,10005.849196,249084.67392495,2857.49,13203.936316,246034.17816968,2404.166,13885.587316,244061.11698949,2076.938,13961.051528,260214.77250987,1954.394,13745.361928,275657.812444955,1852.496,13664.30322,
4096B_4W_64B_2048B_1W_16B,277340.789743918,4607.342,7399.894204,264063.772014918,3519.542,7881.423984,240542.350997408,2687.93,10059.980592,235673.339076598,2260.358,10326.888268,232662.897400983,1954.22,10077.429608,244455.634168133,1818.8,10247.933864,261155.448653383,1741.1,9866.514356,
4096B_4W_64B_2048B_2W_16B,257821.876784942,4276.262,7390.060312,260131.044057262,3453.086,8363.243732,237190.484529087,2641.676,10295.12746,233797.011970952,2235.194,10829.958232,234009.543307372,1958.138,10675.730488,247709.078880537,1835.816,10593.500544,262870.843016537,1747.016,10318.162852,
4096B_4W_64B_2048B_1W_32B,265155.338587587,4444.184,7255.13924,262560.171328202,3513.338,8289.674128,239356.160059837,2679.284,10779.8957,232680.199110222,2233.73,11128.651616,231405.109397327,1942.688,11147.139568,243023.307841042,1806.602,11214.197404,257747.823410652,1717.358,10894.130296,
4096B_4W_64B_2048B_2W_32B,251461.962794371,4178.144,7053.32372,256245.402902481,3399.812,8437.921532,235059.333305471,2610.824,10957.376288,228468.442237786,2178.146,11284.34478,226502.621648916,1889.99,11047.245196,237452.865277091,1755.68,10986.318744,251273.876866396,1666.214,10793.671652,
4096B_4W_64B_2048B_1W_64B,265811.200417525,4409.804,7345.805764,264542.088432405,3502.268,9333.813992,244698.75994319,2705.066,12156.560912,235904.43929554,2236.646,12728.142716,233497.804273695,1936.28,12724.13072,245176.726153775,1801.304,12584.175964,259748.361202315,1711.616,12451.748096,
4096B_4W_64B_2048B_2W_64B,264714.680334785,4306.772,7236.665708,264608.25591031,3447.41,9474.49066,241325.934030735,2633.336,12163.718112,234105.82175396,2193.998,12717.586176,230692.98858526,1893.854,12531.876752,239672.96989191,1746.002,12242.36212,253289.088920735,1656.536,12182.018896,
4096B_4W_64B_4096B_1W_16B,285732.33429259,4140.17,6808.232184,251535.021477615,3009.08,8363.648444,236170.466970965,2403.02,9300.885648,231828.569424385,2048.708,9349.642148,233554.02182997,1821.602,9189.358912,242537.646377495,1689.512,9021.205264,256293.19678522,1610.702,8631.763656,
4096B_4W_64B_4096B_2W_16B,225350.891966537,3281.36,5115.065956,224883.987385942,2686.622,7120.099476,205214.072354517,2090.552,8443.89044,198419.122472432,1758.218,8364.849788,214466.742851542,1669.862,8610.998508,222202.654585047,1545.764,8021.989124,244268.752100087,1529.78,7804.695808,
4096B_4W_64B_4096B_4W_16B,211004.315250677,3047.072,4638.175068,205176.613640977,2438.792,6985.162404,197270.733159882,1995.014,7788.00118,186264.318426242,1642.478,7946.951752,198898.737298207,1543.244,7958.629492,218435.712199647,1509.5,7815.436092,241948.046294357,1505.504,7628.95884,
4096B_4W_64B_4096B_1W_32B,265906.580242602,3956.882,6442.567488,244662.031760387,2983.856,8443.529868,231868.526852137,2395.556,9646.352808,227310.164214012,2034.806,9915.151156,230711.495553242,1818.578,9928.96986,239695.027751137,1685.156,9857.321756,251600.293080402,1594.802,9364.325944,
4096B_4W_64B_4096B_2W_32B,223135.911757454,3312.266,5116.421028,226352.103846334,2743.058,7356.683308,206170.246821294,2124.122,8890.277952,201852.721979774,1803.554,8941.207876,211719.575818714,1663.25,9030.360224,221063.601917844,1549.142,8904.060296,241235.782682219,1521.392,8581.317708,
4096B_4W_64B_4096B_4W_32B,225978.019272071,3282.248,5359.626476,220597.466442181,2630.012,7739.225552,204327.217971441,2073.236,8497.80082,203345.139980471,1790.408,8977.735828,212242.467144316,1645.886,8986.202168,223097.049571731,1544.432,8750.618452,244246.144872851,1523.12,8544.208804,
4096B_4W_64B_4096B_1W_64B,258919.785517384,3859.046,6368.4408,245247.396450819,2985.92,9071.085144,236339.415414149,2432.252,10861.890888,229317.384634009,2044.196,11107.960328,231934.599090264,1820.198,11112.209316,240778.564910324,1685.222,11030.649796,252805.256444299,1595.312,10887.756412,
4096B_4W_64B_4096B_2W_64B,232449.843568794,3422.066,5529.993524,240335.454299219,2885.936,8099.9215,211255.181390344,2158.886,10071.999944,204261.599014014,1811.234,10297.417732,213501.697958729,1665.38,10391.78262,222983.407705174,1551.938,10360.744544,243275.477426559,1524.632,10483.880908,
4096B_4W_64B_4096B_4W_64B,249325.880982381,3526.076,6229.295672,256506.882621821,2977.292,8627.101884,225195.076470916,2231.15,10436.70752,221834.939584191,1910.36,10836.169196,228223.712443136,1734.758,10981.82622,230966.808502171,1572.032,10693.276776,250574.453162631,1539.176,10591.433524,
