Energy, Time, deadline=175000
The Energy Improvement(DCR+CP) to CP is 0.999825
CP,2147483647,0,
DCR(Base),112931,59389,
DCR+CP,376250,174820,

Energy, Time, deadline=176000
The Energy Improvement(DCR+CP) to CP is 0.999825
CP,2147483647,0,
DCR(Base),112931,59389,
DCR+CP,376250,174820,

Energy, Time, deadline=177000
The Energy Improvement(DCR+CP) to CP is 0.999825
CP,2147483647,0,
DCR(Base),112931,59389,
DCR+CP,376250,174820,

Energy, Time, deadline=178000
The Energy Improvement(DCR+CP) to CP is 0.999825
CP,2147483647,0,
DCR(Base),112931,59389,
DCR+CP,376250,174820,

Energy, Time, deadline=179000
The Energy Improvement(DCR+CP) to CP is 0.999825
CP,2147483647,0,
DCR(Base),112931,59389,
DCR+CP,376250,174820,

Energy, Time, deadline=180000
The Energy Improvement(DCR+CP) to CP is 0.999837
CP,2147483647,0,
DCR(Base),112931,59389,
DCR+CP,349299,179970,

Energy, Time, deadline=181000
The Energy Improvement(DCR+CP) to CP is 0.999837
CP,2147483647,0,
DCR(Base),112931,59389,
DCR+CP,349299,179970,

Energy, Time, deadline=182000
The Energy Improvement(DCR+CP) to CP is 0.999837
CP,2147483647,0,
DCR(Base),112931,59389,
DCR+CP,349299,179970,

Energy, Time, deadline=183000
The Energy Improvement(DCR+CP) to CP is 0.999837
CP,2147483647,0,
DCR(Base),112931,59389,
DCR+CP,349299,179970,

Energy, Time, deadline=184000
The Energy Improvement(DCR+CP) to CP is 0.999837
CP,2147483647,0,
DCR(Base),112931,59389,
DCR+CP,349299,179970,

Energy, Time, deadline=185000
The Energy Improvement(DCR+CP) to CP is 0.999837
CP,2147483647,0,
DCR(Base),112931,59389,
DCR+CP,349299,179970,

Energy, Time, deadline=186000
The Energy Improvement(DCR+CP) to CP is 0.999837
CP,2147483647,0,
DCR(Base),112931,59389,
DCR+CP,349299,179970,

Energy, Time, deadline=187000
The Energy Improvement(DCR+CP) to CP is 0.999837
CP,2147483647,0,
DCR(Base),112931,59389,
DCR+CP,349299,179970,

Energy, Time, deadline=188000
The Energy Improvement(DCR+CP) to CP is 0.999837
CP,2147483647,0,
DCR(Base),112931,59389,
DCR+CP,349299,179970,

Energy, Time, deadline=189000
The Energy Improvement(DCR+CP) to CP is 0.999837
CP,2147483647,0,
DCR(Base),112931,59389,
DCR+CP,349299,179970,

Energy, Time, deadline=190000
The Energy Improvement(DCR+CP) to CP is 0.999837
CP,2147483647,0,
DCR(Base),112931,59389,
DCR+CP,349299,179970,

Energy, Time, deadline=191000
The Energy Improvement(DCR+CP) to CP is 0.999837
CP,2147483647,0,
DCR(Base),383580,190330,
DCR+CP,349299,179970,

Energy, Time, deadline=192000
The Energy Improvement(DCR+CP) to CP is 0.999837
CP,2147483647,0,
DCR(Base),383580,190330,
DCR+CP,349299,179970,

Energy, Time, deadline=193000
The Energy Improvement(DCR+CP) to CP is 0.999837
CP,2147483647,0,
DCR(Base),383580,190330,
DCR+CP,349299,179970,

Energy, Time, deadline=194000
The Energy Improvement(DCR+CP) to CP is 0.999839
CP,2147483647,0,
DCR(Base),383580,190330,
DCR+CP,345461,193160,

Energy, Time, deadline=195000
The Energy Improvement(DCR+CP) to CP is 0.0951117
CP,381772,194619,
DCR(Base),383580,190330,
DCR+CP,345461,193160,

Energy, Time, deadline=196000
The Energy Improvement(DCR+CP) to CP is 0.0951117
CP,381772,194619,
DCR(Base),383580,190330,
DCR+CP,345461,193160,

Energy, Time, deadline=197000
The Energy Improvement(DCR+CP) to CP is 0.0951117
CP,381772,194619,
DCR(Base),383580,190330,
DCR+CP,345461,193160,

Energy, Time, deadline=198000
The Energy Improvement(DCR+CP) to CP is 0.0951117
CP,381772,194619,
DCR(Base),383580,190330,
DCR+CP,345461,193160,

Energy, Time, deadline=199000
The Energy Improvement(DCR+CP) to CP is 0.0951117
CP,381772,194619,
DCR(Base),383580,190330,
DCR+CP,345461,193160,

Energy, Time, deadline=200000
The Energy Improvement(DCR+CP) to CP is 0.0951117
CP,381772,194619,
DCR(Base),383580,190330,
DCR+CP,345461,193160,

